all_checkpoint_detector_flip,art_install_pass,behavior_ioc_pass,condition,cumulative_art_install_pass,cumulative_behavior_ioc_pass,cumulative_detector_flip,cumulative_edit_applied_pass,cumulative_repack_pass,cumulative_smoke_pass,detector_flip,edit_applied_pass,failure_category,ineligible_reason,latent_cosine,latent_delta_l2,matching_detector_flip,matching_malware_probability_delta,matching_modified_malware_probability,matching_original_malware_probability,realized_delta_l2,relative_target_distance,repack_pass,seed,smoke_pass,source_id,stage,status
False,True,True,latent_cosine,True,True,False,True,True,True,False,True,,,0.03889653831720352,0.13589239120483398,False,2.384185791015625e-07,0.9982218146324158,0.9982215762138367,0.007898585870862007,0.9994282722473145,True,42,True,source_065,gated,complete
False,True,True,semantics_preserving,True,True,False,True,True,True,False,True,,,-0.003100734669715166,0.13589239120483398,False,-7.152557373046875e-07,0.9982208609580994,0.9982215762138367,0.008654075674712658,1.0022228956222534,True,42,True,source_065,gated,complete
False,True,True,destructive_upper,True,True,False,True,True,True,False,True,,,0.060917116701602936,0.13589239120483398,False,-3.445148468017578e-05,0.9981871247291565,0.9982215762138367,0.7196431756019592,5.329078197479248,True,42,True,source_065,gated,complete
False,True,True,random_direction,True,True,False,True,True,True,False,True,,,-0.003100734669715166,0.13589239120483398,False,-7.152557373046875e-07,0.9982208609580994,0.9982215762138367,0.008654075674712658,1.0022228956222534,True,42,True,source_065,gated,complete
False,True,True,random_method,True,True,False,True,True,True,False,True,,,0.03301650285720825,0.13589239120483398,False,-4.4405460357666016e-05,0.998177170753479,0.9982215762138367,0.0604298934340477,1.0809184312820435,True,42,True,source_065,gated,complete
False,True,True,latent_cosine,True,True,False,True,True,True,False,True,,,0.037791211158037186,0.13645868003368378,False,-7.152557373046875e-07,0.9980218410491943,0.9980225563049316,0.007898585870862007,0.9994876384735107,True,42,True,source_039,gated,complete
False,True,True,semantics_preserving,True,True,False,True,True,True,False,True,,,0.0011364457895979285,0.13645868003368378,False,-1.1920928955078125e-06,0.9980213642120361,0.9980225563049316,0.008654075674712658,1.0019370317459106,True,42,True,source_039,gated,complete
False,True,True,destructive_upper,True,True,False,True,True,True,False,True,,,0.061118967831134796,0.13645868003368378,False,7.957220077514648e-05,0.9981021285057068,0.9980225563049316,0.7196431756019592,5.307291030883789,True,42,True,source_039,gated,complete
False,True,True,random_direction,True,True,False,True,True,True,False,True,,,0.014134485274553299,0.13645868003368378,False,7.152557373046875e-07,0.998023271560669,0.9980225563049316,0.006315240636467934,1.00041663646698,True,42,True,source_039,gated,complete
False,True,True,random_method,True,True,False,True,True,True,False,True,,,0.033537574112415314,0.13645868003368378,False,-9.059906005859375e-06,0.9980134963989258,0.9980225563049316,0.041331976652145386,1.0350971221923828,True,42,True,source_039,gated,complete
False,True,True,latent_cosine,True,False,False,True,True,False,False,True,,,0.11081885546445847,0.12688066065311432,False,-3.0517578125e-05,0.9870152473449707,0.9870457649230957,0.004182734526693821,0.9968852996826172,True,42,False,source_008,gated,complete
False,True,True,semantics_preserving,True,False,False,True,True,False,False,True,,,-0.018650704994797707,0.12688066065311432,False,-1.0788440704345703e-05,0.9870349764823914,0.9870457649230957,0.004656211473047733,1.0013569593429565,True,42,False,source_008,gated,complete
False,True,True,destructive_upper,True,False,False,True,True,False,False,True,,,-0.02684713900089264,0.12688066065311432,False,-0.001955747604370117,0.9850900173187256,0.9870457649230957,0.3987055718898773,3.3231306076049805,True,42,False,source_008,gated,complete
False,True,True,random_direction,True,False,False,True,True,False,False,True,,,-0.018650704994797707,0.12688066065311432,False,-1.0788440704345703e-05,0.9870349764823914,0.9870457649230957,0.004656211473047733,1.0013569593429565,True,42,False,source_008,gated,complete
False,True,True,random_method,True,False,False,True,True,False,False,True,,,0.11127329617738724,0.12688066065311432,False,-6.920099258422852e-05,0.9869765639305115,0.9870457649230957,0.012084735557436943,0.9939191937446594,True,42,False,source_008,gated,complete
False,True,True,latent_cosine,True,True,False,True,True,True,False,True,,,0.04163019359111786,0.13593831658363342,False,-1.424551010131836e-05,0.9948241710662842,0.9948384165763855,0.005588865373283625,0.9991332292556763,True,42,True,source_061,gated,complete
False,True,True,semantics_preserving,True,True,False,True,True,True,False,True,,,0.003462686901912093,0.13593831658363342,False,-3.2782554626464844e-05,0.994805634021759,0.9948384165763855,0.006194908171892166,1.000880241394043,True,42,True,source_061,gated,complete
,,,destructive_upper,,,,,,,,,,constructor_excluded_from_destructive_upper_bound,,,,,,,,,,42,,source_061,,ineligible
False,True,True,random_direction,True,True,False,True,True,True,False,True,,,0.01551677007228136,0.13593831658363342,False,-1.1324882507324219e-05,0.9948270916938782,0.9948384165763855,0.004671307280659676,1.0000572204589844,True,42,True,source_061,gated,complete
False,True,True,random_method,True,True,False,True,True,True,False,True,,,-0.00287913647480309,0.13593831658363342,False,-1.5676021575927734e-05,0.9948227405548096,0.9948384165763855,0.2598598897457123,2.1599137783050537,True,42,True,source_061,gated,complete
False,True,True,latent_cosine,True,True,False,True,True,True,False,True,,,0.04974305257201195,0.13752901554107666,False,-6.252527236938477e-05,0.9800305962562561,0.9800931215286255,0.0046486081555485725,0.9988894462585449,True,42,True,source_045,gated,complete
False,True,True,semantics_preserving,True,True,False,True,True,True,False,True,,,0.00919631402939558,0.13752901554107666,False,-3.0338764190673828e-05,0.9800627827644348,0.9800931215286255,0.00502280006185174,1.000331163406372,True,42,True,source_045,gated,complete
False,True,True,destructive_upper,True,True,False,True,True,True,False,True,,,0.06711068004369736,0.13752901554107666,False,-0.0010241866111755371,0.97906893491745,0.9800931215286255,0.7067594528198242,5.16908073425293,True,42,True,source_045,gated,complete
False,True,True,random_direction,True,True,False,True,True,True,False,True,,,0.00919631402939558,0.13752901554107666,False,-3.0338764190673828e-05,0.9800627827644348,0.9800931215286255,0.00502280006185174,1.000331163406372,True,42,True,source_045,gated,complete
False,True,True,random_method,True,True,False,True,True,True,False,True,,,0.04892069101333618,0.13752901554107666,False,-1.341104507446289e-05,0.980079710483551,0.9800931215286255,0.011196467094123363,0.9993311762809753,True,42,True,source_045,gated,complete
False,True,True,latent_cosine,True,True,False,True,True,True,False,True,,,-0.004484157543629408,0.13596585392951965,False,-6.41942024230957e-05,0.9878563284873962,0.9879205226898193,0.0034904135391116142,1.0004445314407349,True,42,True,source_025,gated,complete
False,True,True,semantics_preserving,True,True,False,True,True,True,False,True,,,-0.035039063543081284,0.13596585392951965,False,-1.8477439880371094e-06,0.9879186749458313,0.9879205226898193,0.003979527857154608,1.0014528036117554,True,42,True,source_025,gated,complete
False,True,False,destructive_upper,True,False,False,True,True,True,False,True,,,0.0628197118639946,0.13596585392951965,False,0.0013968348503112793,0.9893173575401306,0.9879205226898193,0.73975670337677,5.46975564956665,True,42,True,source_025,gated,complete
False,True,True,random_direction,True,True,False,True,True,True,False,True,,,-0.004484157543629408,0.13596585392951965,False,-6.41942024230957e-05,0.9878563284873962,0.9879205226898193,0.0034904135391116142,1.0004445314407349,True,42,True,source_025,gated,complete
False,True,True,random_method,True,True,False,True,True,True,False,True,,,0.04751606658101082,0.13596585392951965,False,5.1081180572509766e-05,0.9879716038703918,0.9879205226898193,0.03231002017855644,1.016802191734314,True,42,True,source_025,gated,complete
False,True,True,latent_cosine,True,True,False,True,True,True,False,True,,,0.037791211158037186,0.13645868003368378,False,-7.152557373046875e-07,0.9980218410491943,0.9980225563049316,0.007898585870862007,0.9994876384735107,True,42,True,source_030,gated,complete
False,True,True,semantics_preserving,True,True,False,True,True,True,False,True,,,0.0011364442761987448,0.13645868003368378,False,-1.1920928955078125e-06,0.9980213642120361,0.9980225563049316,0.008654075674712658,1.0019370317459106,True,42,True,source_030,gated,complete
False,True,True,destructive_upper,True,True,False,True,True,True,False,True,,,0.061118967831134796,0.13645868003368378,False,7.957220077514648e-05,0.9981021285057068,0.9980225563049316,0.7196431756019592,5.307291030883789,True,42,True,source_030,gated,complete
False,True,True,random_direction,True,True,False,True,True,True,False,True,,,-0.02088281512260437,0.13645868003368378,False,1.5497207641601562e-06,0.9980241060256958,0.9980225563049316,0.005815763957798481,1.0017966032028198,True,42,True,source_030,gated,complete
False,True,True,random_method,True,True,False,True,True,True,False,True,,,0.013525208458304405,0.13645868003368378,False,-8.374452590942383e-05,0.9979388117790222,0.9980225563049316,0.1290179044008255,1.3668732643127441,True,42,True,source_030,gated,complete
False,True,True,latent_cosine,True,True,False,True,True,True,False,True,,,0.039705969393253326,0.13631373643875122,False,2.384185791015625e-07,0.9981282353401184,0.9981279969215393,0.007898585870862007,0.9993779063224792,True,42,True,source_063,gated,complete
False,True,True,semantics_preserving,True,True,False,True,True,True,False,True,,,0.000592925411183387,0.13631373643875122,False,-1.0728836059570312e-06,0.9981269240379333,0.9981279969215393,0.008654075674712658,1.0019757747650146,True,42,True,source_063,gated,complete
False,True,True,destructive_upper,True,True,False,True,True,True,False,True,,,0.0636632964015007,0.13631373643875122,False,8.64863395690918e-05,0.9982144832611084,0.9981279969215393,0.7196431756019592,5.310270309448242,True,42,True,source_063,gated,complete
False,True,True,random_direction,True,True,False,True,True,True,False,True,,,0.012231864035129547,0.13631373643875122,False,4.76837158203125e-07,0.9981284737586975,0.9981279969215393,0.006315240636467934,1.0005064010620117,True,42,True,source_063,gated,complete
False,True,True,random_method,True,True,False,True,True,True,False,True,,,0.04346747323870659,0.13631373643875122,False,-3.337860107421875e-06,0.9981246590614319,0.9981279969215393,0.007290053181350231,0.9991050362586975,True,42,True,source_063,gated,complete
False,True,True,latent_cosine,True,True,False,True,True,True,False,True,,,-0.007312391418963671,0.10676824301481247,False,-0.0003763437271118164,0.9923964142799377,0.9927727580070496,0.003416827181354165,1.0007458925247192,True,42,True,source_026,gated,complete
False,True,True,semantics_preserving,True,True,False,True,True,True,False,True,,,-0.06690021604299545,0.10676824301481247,False,-0.0005353689193725586,0.992237389087677,0.9927727580070496,0.003726825350895524,1.002940058708191,True,42,True,source_026,gated,complete
,,,destructive_upper,,,,,,,,,,constructor_excluded_from_destructive_upper_bound,,,,,,,,,,42,,source_026,,ineligible
False,True,True,random_direction,True,True,False,True,True,True,False,True,,,-0.06690021604299545,0.10676824301481247,False,-0.0005353689193725586,0.992237389087677,0.9927727580070496,0.003726825350895524,1.002940058708191,True,42,True,source_026,gated,complete
False,True,True,random_method,True,True,False,True,True,True,False,True,,,0.059791646897792816,0.10676824301481247,False,-3.5762786865234375e-07,0.9927724003791809,0.9927727580070496,0.031052609905600548,1.0246018171310425,True,42,True,source_026,gated,complete
False,True,True,latent_cosine,True,True,False,True,True,True,False,True,,,0.04974304884672165,0.13752901554107666,False,-6.252527236938477e-05,0.9800305962562561,0.9800931215286255,0.0046486081555485725,0.9988894462585449,True,42,True,source_064,gated,complete
False,True,True,semantics_preserving,True,True,False,True,True,True,False,True,,,0.009196314960718155,0.13752901554107666,False,-3.0338764190673828e-05,0.9800627827644348,0.9800931215286255,0.00502280006185174,1.000331163406372,True,42,True,source_064,gated,complete
False,True,True,destructive_upper,True,True,False,True,True,True,False,True,,,0.06711068004369736,0.13752901554107666,False,-0.0010241866111755371,0.97906893491745,0.9800931215286255,0.7067594528198242,5.16908073425293,True,42,True,source_064,gated,complete
False,True,True,random_direction,True,True,False,True,True,True,False,True,,,-0.01636895164847374,0.13752901554107666,False,4.470348358154297e-06,0.9800975918769836,0.9800931215286255,0.0032790680415928364,1.0006743669509888,True,42,True,source_064,gated,complete
False,True,True,random_method,True,True,False,True,True,True,False,True,,,0.051693081855773926,0.13752901554107666,False,-2.2470951080322266e-05,0.9800706505775452,0.9800931215286255,0.030138568952679634,1.0126043558120728,True,42,True,source_064,gated,complete
False,True,True,latent_cosine,True,True,False,True,True,True,False,True,,,0.03771187365055084,0.13635411858558655,False,2.1457672119140625e-06,0.9982789754867554,0.9982768297195435,0.007898585870862007,0.9994931221008301,True,42,True,source_074,gated,complete
False,True,True,semantics_preserving,True,True,False,True,True,True,False,True,,,0.002664596540853381,0.13635411858558655,False,-7.152557373046875e-07,0.9982761144638062,0.9982768297195435,0.008654075674712658,1.0018432140350342,True,42,True,source_074,gated,complete
False,True,True,destructive_upper,True,True,False,True,True,True,False,True,,,0.06151803210377693,0.13635411858558655,False,0.00012940168380737305,0.9984062314033508,0.9982768297195435,0.7196431756019592,5.310866355895996,True,42,True,source_074,gated,complete
False,True,True,random_direction,True,True,False,True,True,True,False,True,,,0.03771187365055084,0.13635411858558655,False,2.1457672119140625e-06,0.9982789754867554,0.9982768297195435,0.007898585870862007,0.9994931221008301,True,42,True,source_074,gated,complete
False,True,True,random_method,True,True,False,True,True,True,False,True,,,0.03234168514609337,0.13635411858558655,False,-8.702278137207031e-06,0.9982681274414062,0.9982768297195435,0.03262468799948692,1.0206719636917114,True,42,True,source_074,gated,complete
False,True,True,latent_cosine,True,True,False,True,True,True,False,True,,,0.03869673237204552,0.1358625441789627,False,-1.9073486328125e-06,0.9976426959037781,0.9976446032524109,0.007898585870862007,0.9994401931762695,True,42,True,source_040,gated,complete
False,True,True,semantics_preserving,True,True,False,True,True,True,False,True,,,-0.0020427657291293144,0.1358625441789627,False,-1.6689300537109375e-06,0.9976429343223572,0.9976446032524109,0.008654075674712658,1.0021564960479736,True,42,True,source_040,gated,complete
False,True,True,destructive_upper,True,True,False,True,True,True,False,True,,,0.06304032355546951,0.1358625441789627,False,-3.30805778503418e-05,0.9976115226745605,0.9976446032524109,0.7196431756019592,5.328110218048096,True,42,True,source_040,gated,complete
False,True,True,random_direction,True,True,False,True,True,True,False,True,,,-0.0020427657291293144,0.1358625441789627,False,-1.6689300537109375e-06,0.9976429343223572,0.9976446032524109,0.008654075674712658,1.0021564960479736,True,42,True,source_040,gated,complete
False,True,True,random_method,True,True,False,True,True,True,False,True,,,0.04454293102025986,0.1358625441789627,False,4.887580871582031e-06,0.9976494908332825,0.9976446032524109,0.13508673012256622,1.3784176111221313,True,42,True,source_040,gated,complete
False,True,True,latent_cosine,True,True,False,True,True,True,False,True,,,0.04974304139614105,0.13752901554107666,False,-6.252527236938477e-05,0.9800305962562561,0.9800931215286255,0.0046486081555485725,0.9988894462585449,True,42,True,source_050,gated,complete
False,True,True,semantics_preserving,True,True,False,True,True,True,False,True,,,0.009196311235427856,0.13752901554107666,False,-3.0338764190673828e-05,0.9800627827644348,0.9800931215286255,0.00502280006185174,1.000331163406372,True,42,True,source_050,gated,complete
False,True,True,destructive_upper,True,True,False,True,True,True,False,True,,,0.06711068004369736,0.13752901554107666,False,-0.0010241866111755371,0.97906893491745,0.9800931215286255,0.7067594528198242,5.16908073425293,True,42,True,source_050,gated,complete
False,True,True,random_direction,True,True,False,True,True,True,False,True,,,0.009196311235427856,0.13752901554107666,False,-3.0338764190673828e-05,0.9800627827644348,0.9800931215286255,0.00502280006185174,1.000331163406372,True,42,True,source_050,gated,complete
False,True,True,random_method,True,True,False,True,True,True,False,True,,,0.02070259489119053,0.13752901554107666,False,-1.2278556823730469e-05,0.9800808429718018,0.9800931215286255,0.2808891236782074,2.255399703979492,True,42,True,source_050,gated,complete
False,False,True,latent_cosine,False,False,False,True,True,False,False,True,,,0.035201337188482285,0.13725195825099945,False,-6.230038707144558e-11,2.9967384307383327e-07,2.997361434609047e-07,0.0043017128482460976,0.9993876814842224,True,42,False,source_011,gated,complete
False,False,True,semantics_preserving,False,False,False,True,True,False,False,True,,,0.0053053307346999645,0.13725195825099945,False,-1.0146550266654231e-10,2.9963467795823817e-07,2.997361434609047e-07,0.004773152060806751,1.0004202127456665,True,42,False,source_011,gated,complete
False,False,False,destructive_upper,False,False,False,True,True,False,False,True,,,0.06488122791051865,0.13725195825099945,False,9.044612170328037e-09,3.0878075563123275e-07,2.997361434609047e-07,0.7199212908744812,5.275608539581299,True,42,False,source_011,gated,complete
False,False,True,random_direction,False,False,False,True,True,False,False,True,,,0.035201337188482285,0.13725195825099945,False,-6.230038707144558e-11,2.9967384307383327e-07,2.997361434609047e-07,0.0043017128482460976,0.9993876814842224,True,42,False,source_011,gated,complete
False,False,True,random_method,False,False,False,True,True,False,False,True,,,0.03787069022655487,0.13725195825099945,False,-3.410605131648481e-12,2.9973273285577307e-07,2.997361434609047e-07,0.2972984313964844,2.3511343002319336,True,42,False,source_011,gated,complete
False,False,True,latent_cosine,False,False,False,True,True,False,False,True,,,0.05275017395615578,0.13758881390094757,False,2.1715807185232125e-18,2.9079022244066395e-16,2.8861864172214074e-16,0.007978221401572227,0.9986215233802795,True,42,False,source_032,gated,complete
False,False,True,semantics_preserving,False,False,False,True,True,False,False,True,,,0.0045796530321240425,0.13758881390094757,False,1.7401233110155533e-19,2.887926540532423e-16,2.8861864172214074e-16,0.008813051506876945,1.0017565488815308,True,42,False,source_032,gated,complete
False,False,False,destructive_upper,False,False,False,True,True,False,False,True,,,0.06503809243440628,0.13758881390094757,False,5.457936204971889e-18,2.9407657792711263e-16,2.8861864172214074e-16,0.7029950022697449,5.142106533050537,True,42,False,source_032,gated,complete
False,False,True,random_direction,False,False,False,True,True,False,False,True,,,0.020737217739224434,0.13758881390094757,False,2.5305109299222223e-20,2.8864394683143996e-16,2.8861864172214074e-16,0.0065080225467681885,1.0001379251480103,True,42,False,source_032,gated,complete
False,False,True,random_method,False,False,False,True,True,False,False,True,,,0.021904464811086655,0.13758881390094757,False,-5.505714157152952e-21,2.886131360079836e-16,2.8861864172214074e-16,0.292023241519928,2.3263161182403564,True,42,False,source_032,gated,complete
False,False,True,latent_cosine,False,False,False,True,True,False,False,True,,,0.05275017023086548,0.13758881390094757,False,0.0,0.0,0.0,0.007978221401572227,0.9986215233802795,True,42,False,source_009,gated,complete
False,False,True,semantics_preserving,False,False,False,True,True,False,False,True,,,0.0045796530321240425,0.13758881390094757,False,0.0,0.0,0.0,0.008813051506876945,1.0017565488815308,True,42,False,source_009,gated,complete
False,False,False,destructive_upper,False,False,False,True,True,False,False,True,,,0.06503809243440628,0.13758881390094757,False,0.0,0.0,0.0,0.7029950022697449,5.142106533050537,True,42,False,source_009,gated,complete
False,False,True,random_direction,False,False,False,True,True,False,False,True,,,0.020737217739224434,0.13758881390094757,False,0.0,0.0,0.0,0.0065080225467681885,1.0001379251480103,True,42,False,source_009,gated,complete
False,False,True,random_method,False,False,False,True,True,False,False,True,,,0.03076399862766266,0.13758881390094757,False,0.0,0.0,0.0,0.09650121629238129,1.2036492824554443,True,42,False,source_009,gated,complete
False,True,True,latent_cosine,True,True,False,True,True,True,False,True,,,0.04974304884672165,0.13752901554107666,False,-6.252527236938477e-05,0.9800305962562561,0.9800931215286255,0.0046486081555485725,0.9988894462585449,True,42,True,source_047,gated,complete
False,True,True,semantics_preserving,True,True,False,True,True,True,False,True,,,0.00919631402939558,0.13752901554107666,False,-3.0338764190673828e-05,0.9800627827644348,0.9800931215286255,0.00502280006185174,1.000331163406372,True,42,True,source_047,gated,complete
False,True,True,destructive_upper,True,True,False,True,True,True,False,True,,,0.06711068004369736,0.13752901554107666,False,-0.0010241866111755371,0.97906893491745,0.9800931215286255,0.7067594528198242,5.16908073425293,True,42,True,source_047,gated,complete
False,True,True,random_direction,True,True,False,True,True,True,False,True,,,0.02487940900027752,0.13752901554107666,False,-6.794929504394531e-06,0.9800863265991211,0.9800931215286255,0.003959659952670336,0.9996982216835022,True,42,True,source_047,gated,complete
False,True,True,random_method,True,True,False,True,True,True,False,True,,,0.05798890441656113,0.13752901554107666,False,-2.9206275939941406e-05,0.9800639152526855,0.9800931215286255,0.0928737074136734,1.1737605333328247,True,42,True,source_047,gated,complete
False,True,True,latent_cosine,True,True,False,True,True,True,False,True,,,0.03966250643134117,0.13631916046142578,False,3.5762786865234375e-07,0.9981348514556885,0.9981344938278198,0.007898585870862007,0.9993804097175598,True,42,True,source_057,gated,complete
False,True,True,semantics_preserving,True,True,False,True,True,True,False,True,,,0.0008046754519455135,0.13631916046142578,False,-8.940696716308594e-07,0.9981335997581482,0.9981344938278198,0.008654075674712658,1.0019621849060059,True,42,True,source_057,gated,complete
False,True,True,destructive_upper,True,True,False,True,True,True,False,True,,,0.06356808543205261,0.13631916046142578,False,9.268522262573242e-05,0.9982271790504456,0.9981344938278198,0.7196431756019592,5.310158729553223,True,42,True,source_057,gated,complete
False,True,True,random_direction,True,True,False,True,True,True,False,True,,,0.012066573835909367,0.13631916046142578,False,5.960464477539062e-07,0.9981350898742676,0.9981344938278198,0.006315240636467934,1.000514030456543,True,42,True,source_057,gated,complete
False,True,True,random_method,True,True,False,True,True,True,False,True,,,0.014982173219323158,0.13631916046142578,False,-8.034706115722656e-05,0.9980541467666626,0.9981344938278198,0.1290179044008255,1.3665244579315186,True,42,True,source_057,gated,complete
False,False,True,latent_cosine,False,False,False,True,True,False,False,True,,,0.05275017023086548,0.13758881390094757,False,0.0,0.0,0.0,0.007978221401572227,0.9986215233802795,True,42,False,source_023,gated,complete
False,False,True,semantics_preserving,False,False,False,True,True,False,False,True,,,0.004579651635140181,0.13758881390094757,False,0.0,0.0,0.0,0.008813051506876945,1.0017565488815308,True,42,False,source_023,gated,complete
False,False,False,destructive_upper,False,False,False,True,True,False,False,True,,,0.06503809243440628,0.13758881390094757,False,0.0,0.0,0.0,0.7029950022697449,5.142106533050537,True,42,False,source_023,gated,complete
False,False,True,random_direction,False,False,False,True,True,False,False,True,,,0.05275017023086548,0.13758881390094757,False,0.0,0.0,0.0,0.007978221401572227,0.9986215233802795,True,42,False,source_023,gated,complete
False,False,True,random_method,False,False,False,True,True,False,False,True,,,0.05417819693684578,0.13758881390094757,False,0.0,0.0,0.0,0.027660658583045006,1.0092734098434448,True,42,False,source_023,gated,complete
False,True,True,latent_cosine,True,True,False,True,True,True,False,True,,,0.037791211158037186,0.13645868003368378,False,-7.152557373046875e-07,0.9980218410491943,0.9980225563049316,0.007898585870862007,0.9994876384735107,True,42,True,source_020,gated,complete
False,True,True,semantics_preserving,True,True,False,True,True,True,False,True,,,0.0011364457895979285,0.13645868003368378,False,-1.1920928955078125e-06,0.9980213642120361,0.9980225563049316,0.008654075674712658,1.0019370317459106,True,42,True,source_020,gated,complete
False,True,True,destructive_upper,True,True,False,True,True,True,False,True,,,0.061118967831134796,0.13645868003368378,False,7.957220077514648e-05,0.9981021285057068,0.9980225563049316,0.7196431756019592,5.307291030883789,True,42,True,source_020,gated,complete
False,True,True,random_direction,True,True,False,True,True,True,False,True,,,0.0011364457895979285,0.13645868003368378,False,-1.1920928955078125e-06,0.9980213642120361,0.9980225563049316,0.008654075674712658,1.0019370317459106,True,42,True,source_020,gated,complete
False,True,True,random_method,True,True,False,True,True,True,False,True,,,0.042249638587236404,0.13645868003368378,False,-8.344650268554688e-07,0.9980217218399048,0.9980225563049316,0.13508673012256622,1.3770778179168701,True,42,True,source_020,gated,complete
False,True,True,latent_cosine,True,True,False,True,True,True,False,True,,,0.04974304884672165,0.13752901554107666,False,-6.252527236938477e-05,0.9800305962562561,0.9800931215286255,0.0046486081555485725,0.9988894462585449,True,42,True,source_034,gated,complete
False,True,True,semantics_preserving,True,True,False,True,True,True,False,True,,,0.009196316823363304,0.13752901554107666,False,-3.0338764190673828e-05,0.9800627827644348,0.9800931215286255,0.00502280006185174,1.000331163406372,True,42,True,source_034,gated,complete
False,True,True,destructive_upper,True,True,False,True,True,True,False,True,,,0.06711068004369736,0.13752901554107666,False,-0.0010241866111755371,0.97906893491745,0.9800931215286255,0.7067594528198242,5.16908073425293,True,42,True,source_034,gated,complete
False,True,True,random_direction,True,True,False,True,True,True,False,True,,,-0.016368955373764038,0.13752901554107666,False,4.470348358154297e-06,0.9800975918769836,0.9800931215286255,0.0032790680415928364,1.0006743669509888,True,42,True,source_034,gated,complete
False,True,True,random_method,True,True,False,True,True,True,False,True,,,0.01932477578520775,0.13752901554107666,False,5.1856040954589844e-05,0.9801449775695801,0.9800931215286255,0.03742801025509834,1.0312834978103638,True,42,True,source_034,gated,complete
False,True,True,latent_cosine,True,True,False,True,True,True,False,True,,,0.03869673237204552,0.1358625441789627,False,-1.9073486328125e-06,0.9976426959037781,0.9976446032524109,0.007898585870862007,0.99944007396698,True,42,True,source_041,gated,complete
False,True,True,semantics_preserving,True,True,False,True,True,True,False,True,,,-0.0020427703857421875,0.1358625441789627,False,-1.6689300537109375e-06,0.9976429343223572,0.9976446032524109,0.008654075674712658,1.0021564960479736,True,42,True,source_041,gated,complete
False,True,True,destructive_upper,True,True,False,True,True,True,False,True,,,0.06304032355546951,0.1358625441789627,False,-3.30805778503418e-05,0.9976115226745605,0.9976446032524109,0.7196431756019592,5.328110218048096,True,42,True,source_041,gated,complete
False,True,True,random_direction,True,True,False,True,True,True,False,True,,,-0.0020427703857421875,0.1358625441789627,False,-1.6689300537109375e-06,0.9976429343223572,0.9976446032524109,0.008654075674712658,1.0021564960479736,True,42,True,source_041,gated,complete
False,True,True,random_method,True,True,False,True,True,True,False,True,,,0.024729810655117035,0.1358625441789627,False,-1.043081283569336e-05,0.9976341724395752,0.9976446032524109,0.11197155714035034,1.2800259590148926,True,42,True,source_041,gated,complete
,,,latent_cosine,,,,,,,,,invalid_source_apk_zip,,,,,,,,,,,42,,source_016,scored,failed
,,,semantics_preserving,,,,,,,,,invalid_source_apk_zip,,,,,,,,,,,42,,source_016,scored,failed
,,,destructive_upper,,,,,,,,,invalid_source_apk_zip,,,,,,,,,,,42,,source_016,scored,failed
,,,random_direction,,,,,,,,,invalid_source_apk_zip,,,,,,,,,,,42,,source_016,scored,failed
,,,random_method,,,,,,,,,invalid_source_apk_zip,,,,,,,,,,,42,,source_016,scored,failed
False,False,True,latent_cosine,False,False,False,True,True,False,False,True,,,0.05275017023086548,0.13758881390094757,False,1.3498264107885327e-18,1.968208107887455e-16,1.9547098437795697e-16,0.007978221401572227,0.9986215233802795,True,42,False,source_002,gated,complete
False,False,True,semantics_preserving,False,False,False,True,True,False,False,True,,,0.004579654894769192,0.13758881390094757,False,2.6936971211666836e-19,1.9574035409007363e-16,1.9547098437795697e-16,0.008813051506876945,1.0017565488815308,True,42,False,source_002,gated,complete
False,False,False,destructive_upper,False,False,False,True,True,False,False,True,,,0.06503809243440628,0.13758881390094757,False,2.925741797066999e-17,2.2472840234862696e-16,1.9547098437795697e-16,0.7029950022697449,5.142106533050537,True,42,False,source_002,gated,complete
False,False,True,random_direction,False,False,False,True,True,False,False,True,,,0.020737221464514732,0.13758881390094757,False,-4.323838497937186e-20,1.954277459929776e-16,1.9547098437795697e-16,0.0065080225467681885,1.0001379251480103,True,42,False,source_002,gated,complete
False,False,True,random_method,False,False,False,True,True,False,False,True,,,0.04766280576586723,0.13758881390094757,False,-1.4823076576950256e-21,1.9546950207029927e-16,1.9547098437795697e-16,0.09335900098085403,1.1814099550247192,True,42,False,source_002,gated,complete
False,True,True,latent_cosine,True,True,False,True,True,True,False,True,,,0.04171161353588104,0.13685771822929382,False,-1.2099742889404297e-05,0.9958198070526123,0.9958319067955017,0.016693808138370514,1.002348780632019,True,42,True,source_056,gated,complete
False,True,True,semantics_preserving,True,True,False,True,True,True,False,True,,,0.007147633004933596,0.13685771822929382,False,-1.1265277862548828e-05,0.9958206415176392,0.9958319067955017,0.018499448895454407,1.0081366300582886,True,42,True,source_056,gated,complete
False,True,True,destructive_upper,True,True,False,True,True,True,False,True,,,0.04321335256099701,0.13685771822929382,False,-0.0006158947944641113,0.9952160120010376,0.9958319067955017,0.42280909419059753,3.2058422565460205,True,42,True,source_056,gated,complete
False,True,True,random_direction,True,True,False,True,True,True,False,True,,,0.018013054504990578,0.13685771822929382,False,8.821487426757812e-06,0.9958407282829285,0.9958319067955017,0.014331061393022537,1.0035898685455322,True,42,True,source_056,gated,complete
False,True,True,random_method,True,True,False,True,True,True,False,True,,,-0.008827556855976582,0.13685771822929382,False,-0.00023734569549560547,0.9955945611000061,0.9958319067955017,0.07414966821670532,1.1415401697158813,True,42,True,source_056,gated,complete
False,True,True,latent_cosine,True,True,False,True,True,True,False,True,,,0.04658631235361099,0.1366211324930191,False,-6.496906280517578e-06,0.9982293248176575,0.998235821723938,0.008334385231137276,0.9990183711051941,True,42,True,source_027,gated,complete
False,True,True,semantics_preserving,True,True,False,True,True,True,False,True,,,0.006979634054005146,0.1366211324930191,False,-2.7418136596679688e-06,0.9982330799102783,0.998235821723938,0.009257003664970398,1.0018210411071777,True,42,True,source_027,gated,complete
False,True,True,destructive_upper,True,True,False,True,True,True,False,True,,,0.047369226813316345,0.1366211324930191,False,-0.00017952919006347656,0.9980562925338745,0.998235821723938,0.39673134684562683,3.026121139526367,True,42,True,source_027,gated,complete
False,True,True,random_direction,True,True,False,True,True,True,False,True,,,0.006979634054005146,0.1366211324930191,False,-2.7418136596679688e-06,0.9982330799102783,0.998235821723938,0.009257003664970398,1.0018210411071777,True,42,True,source_027,gated,complete
False,True,True,random_method,True,True,False,True,True,True,False,True,,,0.03799731284379959,0.1366211324930191,False,-5.143880844116211e-05,0.9981843829154968,0.998235821723938,0.21114537119865417,1.8086081743240356,True,42,True,source_027,gated,complete
False,False,True,latent_cosine,False,False,False,True,True,False,False,True,,,0.07589970529079437,0.13586314022541046,False,1.0858930181711912e-06,0.0003169486590195447,0.00031586276600137353,0.0037051853723824024,0.9983006715774536,True,42,False,source_070,gated,complete
False,False,True,semantics_preserving,False,False,False,True,True,False,False,True,,,0.04703117907047272,0.13586314022541046,False,3.913592081516981e-07,0.00031625412520952523,0.00031586276600137353,0.003967867698520422,0.9990524649620056,True,42,False,source_070,gated,complete
False,False,True,destructive_upper,False,False,False,True,True,False,False,True,,,0.07735326886177063,0.13586314022541046,False,0.00022739276755601168,0.0005432555335573852,0.00031586276600137353,0.7139726281166077,5.272850036621094,True,42,False,source_070,gated,complete
False,False,True,random_direction,False,False,False,True,True,False,False,True,,,0.07589970529079437,0.13586314022541046,False,1.0858930181711912e-06,0.0003169486590195447,0.00031586276600137353,0.0037051853723824024,0.9983006715774536,True,42,False,source_070,gated,complete
False,False,True,random_method,False,False,False,True,True,False,False,True,,,0.027110259979963303,0.13586314022541046,False,-2.4156179279088974e-09,0.0003158603503834456,0.00031586276600137353,0.052844252437353134,1.0631061792373657,True,42,False,source_070,gated,complete
False,True,True,latent_cosine,True,True,False,True,True,True,False,True,,,0.04809430614113808,0.13777859508991241,False,1.1920928955078125e-06,0.9992002844810486,0.9991990923881531,0.0021758880466222763,0.9993650317192078,True,42,True,source_001,gated,complete
False,True,True,semantics_preserving,True,True,False,True,True,True,False,True,,,-0.018144255504012108,0.13777859508991241,False,2.384185791015625e-07,0.9991993308067322,0.9991990923881531,0.0038255895487964153,1.0008889436721802,True,42,True,source_001,gated,complete
False,True,True,destructive_upper,True,True,False,True,True,True,False,True,,,0.03632016107439995,0.13777859508991241,False,-0.0002682209014892578,0.9989308714866638,0.9991990923881531,0.7435547113418579,5.452773094177246,True,42,True,source_001,gated,complete
False,True,True,random_direction,True,True,False,True,True,True,False,True,,,-0.018144255504012108,0.13777859508991241,False,2.384185791015625e-07,0.9991993308067322,0.9991990923881531,0.0038255895487964153,1.0008889436721802,True,42,True,source_001,gated,complete
False,True,True,random_method,True,True,False,True,True,True,False,True,,,0.03581596910953522,0.13777859508991241,False,0.0,0.9991990923881531,0.9991990923881531,0.19771739840507507,1.7194583415985107,True,42,True,source_001,gated,complete
False,True,True,latent_cosine,True,True,False,True,True,True,False,True,,,0.037791211158037186,0.13645868003368378,False,-7.152557373046875e-07,0.9980218410491943,0.9980225563049316,0.007898585870862007,0.9994876384735107,True,42,True,source_058,gated,complete
False,True,True,semantics_preserving,True,True,False,True,True,True,False,True,,,0.0011364426463842392,0.13645868003368378,False,-1.1920928955078125e-06,0.9980213642120361,0.9980225563049316,0.008654075674712658,1.0019370317459106,True,42,True,source_058,gated,complete
False,True,True,destructive_upper,True,True,False,True,True,True,False,True,,,0.061118967831134796,0.13645868003368378,False,7.957220077514648e-05,0.9981021285057068,0.9980225563049316,0.7196431756019592,5.307291030883789,True,42,True,source_058,gated,complete
False,True,True,random_direction,True,True,False,True,True,True,False,True,,,0.037791211158037186,0.13645868003368378,False,-7.152557373046875e-07,0.9980218410491943,0.9980225563049316,0.007898585870862007,0.9994876384735107,True,42,True,source_058,gated,complete
False,True,True,random_method,True,True,False,True,True,True,False,True,,,0.02998991683125496,0.13645868003368378,False,-0.00015860795974731445,0.9978639483451843,0.9980225563049316,0.1971062272787094,1.7319833040237427,True,42,True,source_058,gated,complete
False,True,True,latent_cosine,True,True,False,True,True,True,False,True,,,0.032008297741413116,0.1380651891231537,False,-6.139278411865234e-06,0.9579648375511169,0.9579709768295288,0.020139560103416443,1.0059523582458496,True,42,True,source_005,gated,complete
False,True,True,semantics_preserving,True,True,False,True,True,True,False,True,,,0.0041887955740094185,0.1380651891231537,False,6.556510925292969e-07,0.9579716324806213,0.9579709768295288,0.022278765216469765,1.01226806640625,True,42,True,source_005,gated,complete
False,True,True,destructive_upper,True,True,False,True,True,True,False,True,,,0.029102982953190804,0.1380651891231537,False,-0.001018822193145752,0.9569521546363831,0.9579709768295288,0.3615233600139618,2.7756292819976807,True,42,True,source_005,gated,complete
False,True,True,random_direction,True,True,False,True,True,True,False,True,,,0.0041887955740094185,0.1380651891231537,False,6.556510925292969e-07,0.9579716324806213,0.9579709768295288,0.022278765216469765,1.01226806640625,True,42,True,source_005,gated,complete
False,True,True,random_method,True,True,False,True,True,True,False,True,,,0.024891963228583336,0.1380651891231537,False,-4.0531158447265625e-06,0.9579669237136841,0.9579709768295288,0.02136189676821232,1.0080856084823608,True,42,True,source_005,gated,complete
False,True,True,latent_cosine,True,True,False,True,True,True,False,True,,,0.037791211158037186,0.13645868003368378,False,-7.152557373046875e-07,0.9980218410491943,0.9980225563049316,0.007898585870862007,0.9994876384735107,True,42,True,source_069,gated,complete
False,True,True,semantics_preserving,True,True,False,True,True,True,False,True,,,0.0011364457895979285,0.13645868003368378,False,-1.1920928955078125e-06,0.9980213642120361,0.9980225563049316,0.008654075674712658,1.0019370317459106,True,42,True,source_069,gated,complete
False,True,True,destructive_upper,True,True,False,True,True,True,False,True,,,0.061118967831134796,0.13645868003368378,False,7.957220077514648e-05,0.9981021285057068,0.9980225563049316,0.7196431756019592,5.307291030883789,True,42,True,source_069,gated,complete
False,True,True,random_direction,True,True,False,True,True,True,False,True,,,0.037791211158037186,0.13645868003368378,False,-7.152557373046875e-07,0.9980218410491943,0.9980225563049316,0.007898585870862007,0.9994876384735107,True,42,True,source_069,gated,complete
False,True,True,random_method,True,True,False,True,True,True,False,True,,,0.043206896632909775,0.13645868003368378,False,1.1920928955078125e-06,0.9980237483978271,0.9980225563049316,0.007636142894625664,0.9991475939750671,True,42,True,source_069,gated,complete
False,True,True,latent_cosine,True,True,False,True,True,True,False,True,,,0.04809430614113808,0.13777859508991241,False,1.1920928955078125e-05,0.9918975830078125,0.9918856620788574,0.0021758880466222763,0.9993650317192078,True,42,True,source_004,gated,complete
False,True,True,semantics_preserving,True,True,False,True,True,True,False,True,,,-0.018144255504012108,0.13777859508991241,False,4.112720489501953e-06,0.9918897747993469,0.9918856620788574,0.0038255895487964153,1.0008889436721802,True,42,True,source_004,gated,complete
False,True,True,destructive_upper,True,True,False,True,True,True,False,True,,,0.03632016107439995,0.13777859508991241,False,-0.0031912922859191895,0.9886943697929382,0.9918856620788574,0.7435547113418579,5.452773094177246,True,42,True,source_004,gated,complete
False,True,True,random_direction,True,True,False,True,True,True,False,True,,,-0.018144255504012108,0.13777859508991241,False,4.112720489501953e-06,0.9918897747993469,0.9918856620788574,0.0038255895487964153,1.0008889436721802,True,42,True,source_004,gated,complete
False,True,True,random_method,True,True,False,True,True,True,False,True,,,0.04633830487728119,0.13777859508991241,False,-3.039836883544922e-06,0.9918826222419739,0.9918856620788574,0.1676761656999588,1.5389267206192017,True,42,True,source_004,gated,complete
False,True,True,latent_cosine,True,True,False,True,True,True,False,True,,,-0.0009321151301264763,0.11948727816343307,False,0.0,1.0,1.0,0.0036709236446768045,1.0005005598068237,True,42,True,source_055,gated,complete
False,True,True,semantics_preserving,True,True,False,True,True,True,False,True,,,-0.034556303173303604,0.11948727816343307,False,0.0,1.0,1.0,0.0038321036845445633,1.0016213655471802,True,42,True,source_055,gated,complete
,,,destructive_upper,,,,,,,,,,constructor_excluded_from_destructive_upper_bound,,,,,,,,,,42,,source_055,,ineligible
False,True,True,random_direction,True,True,False,True,True,True,False,True,,,-0.045561064034700394,0.11948727816343307,False,0.0,1.0,1.0,0.003645064076408744,1.001853585243225,True,42,True,source_055,gated,complete
False,True,True,random_method,True,True,False,True,True,True,False,True,,,0.04334535822272301,0.11948727816343307,False,0.0,1.0,1.0,0.07570470869541168,1.1603869199752808,True,42,True,source_055,gated,complete
False,True,True,latent_cosine,True,True,False,True,True,True,False,True,,,0.037791211158037186,0.13645868003368378,False,-7.152557373046875e-07,0.9980218410491943,0.9980225563049316,0.007898585870862007,0.9994876384735107,True,42,True,source_046,gated,complete
False,True,True,semantics_preserving,True,True,False,True,True,True,False,True,,,0.0011364457895979285,0.13645868003368378,False,-1.1920928955078125e-06,0.9980213642120361,0.9980225563049316,0.008654075674712658,1.0019370317459106,True,42,True,source_046,gated,complete
False,True,True,destructive_upper,True,True,False,True,True,True,False,True,,,0.061118967831134796,0.13645868003368378,False,7.957220077514648e-05,0.9981021285057068,0.9980225563049316,0.7196431756019592,5.307291030883789,True,42,True,source_046,gated,complete
False,True,True,random_direction,True,True,False,True,True,True,False,True,,,0.014134482480585575,0.13645868003368378,False,7.152557373046875e-07,0.998023271560669,0.9980225563049316,0.006315240636467934,1.00041663646698,True,42,True,source_046,gated,complete
False,True,True,random_method,True,True,False,True,True,True,False,True,,,0.045170318335294724,0.13645868003368378,False,-7.033348083496094e-06,0.9980155229568481,0.9980225563049316,0.010229199193418026,0.9994234442710876,True,42,True,source_046,gated,complete
False,False,True,latent_cosine,False,False,False,True,True,False,False,True,,,0.035201337188482285,0.13725195825099945,False,-6.230038707144558e-11,2.9967384307383327e-07,2.997361434609047e-07,0.0043017128482460976,0.9993876814842224,True,42,False,source_066,gated,complete
False,False,True,semantics_preserving,False,False,False,True,True,False,False,True,,,0.005305327940732241,0.13725195825099945,False,-1.0146550266654231e-10,2.9963467795823817e-07,2.997361434609047e-07,0.004773152060806751,1.0004202127456665,True,42,False,source_066,gated,complete
False,False,False,destructive_upper,False,False,False,True,True,False,False,True,,,0.06488122791051865,0.13725195825099945,False,9.044612170328037e-09,3.0878075563123275e-07,2.997361434609047e-07,0.7199212908744812,5.275608539581299,True,42,False,source_066,gated,complete
False,False,True,random_direction,False,False,False,True,True,False,False,True,,,0.035201337188482285,0.13725195825099945,False,-6.230038707144558e-11,2.9967384307383327e-07,2.997361434609047e-07,0.0043017128482460976,0.9993876814842224,True,42,False,source_066,gated,complete
False,False,True,random_method,False,False,False,True,True,False,False,True,,,0.04413478821516037,0.13725195825099945,False,4.3797854232252575e-10,3.0017412200322724e-07,2.997361434609047e-07,0.013903437182307243,1.000659704208374,True,42,False,source_066,gated,complete
False,False,True,latent_cosine,False,False,False,True,True,False,False,True,,,0.07589969038963318,0.13586314022541046,False,1.0868534445762634e-06,0.00031712217605672777,0.0003160353226121515,0.0037051853723824024,0.9983005523681641,True,42,False,source_024,gated,complete
False,False,True,semantics_preserving,False,False,False,True,True,False,False,True,,,0.04703117907047272,0.13586314022541046,False,3.9165024645626545e-07,0.00031642697285860777,0.0003160353226121515,0.003967867698520422,0.9990524649620056,True,42,False,source_024,gated,complete
False,False,True,destructive_upper,False,False,False,True,True,False,False,True,,,0.07735326886177063,0.13586314022541046,False,0.00022754704696126282,0.0005435823695734143,0.0003160353226121515,0.7139726281166077,5.272850036621094,True,42,False,source_024,gated,complete
,,,random_direction,,,,,,,,,materialization_invalid_register,,,,,,,,,,,42,,source_024,,failed
False,False,True,random_method,False,False,False,True,True,False,False,True,,,0.04211953654885292,0.13586314022541046,False,4.98685403726995e-06,0.00032102217664942145,0.0003160353226121515,0.01989573799073696,1.0045440196990967,True,42,False,source_024,gated,complete
False,True,True,latent_cosine,True,True,False,True,True,True,False,True,,,0.037791211158037186,0.13645868003368378,False,-7.152557373046875e-07,0.9980218410491943,0.9980225563049316,0.007898585870862007,0.9994876384735107,True,42,True,source_028,gated,complete
False,True,True,semantics_preserving,True,True,False,True,True,True,False,True,,,0.0011364426463842392,0.13645868003368378,False,-1.1920928955078125e-06,0.9980213642120361,0.9980225563049316,0.008654075674712658,1.0019370317459106,True,42,True,source_028,gated,complete
False,True,True,destructive_upper,True,True,False,True,True,True,False,True,,,0.061118971556425095,0.13645868003368378,False,7.957220077514648e-05,0.9981021285057068,0.9980225563049316,0.7196431756019592,5.307291030883789,True,42,True,source_028,gated,complete
False,True,True,random_direction,True,True,False,True,True,True,False,True,,,0.014134480617940426,0.13645868003368378,False,7.152557373046875e-07,0.998023271560669,0.9980225563049316,0.006315240636467934,1.00041663646698,True,42,True,source_028,gated,complete
False,True,True,random_method,True,True,False,True,True,True,False,True,,,0.04367584362626076,0.13645868003368378,False,-7.987022399902344e-06,0.9980145692825317,0.9980225563049316,0.034403737634420395,1.0205590724945068,True,42,True,source_028,gated,complete
False,True,True,latent_cosine,True,True,False,True,True,True,False,True,,,0.03775494918227196,0.1364763379096985,False,-3.5762786865234375e-06,0.9979683756828308,0.9979719519615173,0.007898585870862007,0.9994896650314331,True,42,True,source_068,gated,complete
False,True,True,semantics_preserving,True,True,False,True,True,True,False,True,,,0.0014713130658492446,0.1364763379096985,False,-1.9073486328125e-06,0.9979700446128845,0.9979719519615173,0.008654075674712658,1.001915454864502,True,42,True,source_068,gated,complete
False,True,True,destructive_upper,True,True,False,True,True,True,False,True,,,0.06127377226948738,0.1364763379096985,False,-7.492303848266602e-05,0.9978970289230347,0.9979719519615173,0.7196431756019592,5.306467533111572,True,42,True,source_068,gated,complete
False,True,True,random_direction,True,True,False,True,True,True,False,True,,,0.0014713130658492446,0.1364763379096985,False,-1.9073486328125e-06,0.9979700446128845,0.9979719519615173,0.008654075674712658,1.001915454864502,True,42,True,source_068,gated,complete
False,True,True,random_method,True,True,False,True,True,True,False,True,,,0.04477863758802414,0.1364763379096985,False,-3.933906555175781e-06,0.9979680180549622,0.9979719519615173,0.10339754819869995,1.2272496223449707,True,42,True,source_068,gated,complete
False,False,True,latent_cosine,False,False,False,True,True,False,False,True,,,0.07589969038963318,0.13586314022541046,False,1.0868534445762634e-06,0.00031712217605672777,0.0003160353226121515,0.0037051853723824024,0.9983006715774536,True,42,False,source_007,gated,complete
False,False,True,semantics_preserving,False,False,False,True,True,False,False,True,,,0.04703117907047272,0.13586314022541046,False,3.9165024645626545e-07,0.00031642697285860777,0.0003160353226121515,0.003967867698520422,0.9990524649620056,True,42,False,source_007,gated,complete
False,False,True,destructive_upper,False,False,False,True,True,False,False,True,,,0.07735326886177063,0.13586314022541046,False,0.00022754704696126282,0.0005435823695734143,0.0003160353226121515,0.7139726281166077,5.272850036621094,True,42,False,source_007,gated,complete
False,False,True,random_direction,False,False,False,True,True,False,False,True,,,0.04703117907047272,0.13586314022541046,False,3.9165024645626545e-07,0.00031642697285860777,0.0003160353226121515,0.003967867698520422,0.9990524649620056,True,42,False,source_007,gated,complete
False,False,True,random_method,False,False,False,True,True,False,False,True,,,0.04001414775848389,0.13586314022541046,False,3.76836396753788e-07,0.0003164121590089053,0.0003160353226121515,0.013427237048745155,1.0009286403656006,True,42,False,source_007,gated,complete
False,True,True,latent_cosine,True,True,False,True,True,True,False,True,,,0.037793006747961044,0.136458158493042,False,-3.5762786865234375e-06,0.9979755282402039,0.9979791045188904,0.007898585870862007,0.9994876384735107,True,42,True,source_013,gated,complete
False,True,True,semantics_preserving,True,True,False,True,True,True,False,True,,,0.0011340134078636765,0.136458158493042,False,-1.9073486328125e-06,0.9979771971702576,0.9979791045188904,0.008654075674712658,1.0019371509552002,True,42,True,source_013,gated,complete
False,True,True,destructive_upper,True,True,False,True,True,True,False,True,,,0.061116501688957214,0.136458158493042,False,-7.194280624389648e-05,0.9979071617126465,0.9979791045188904,0.7196431756019592,5.307312965393066,True,42,True,source_013,gated,complete
False,True,True,random_direction,True,True,False,True,True,True,False,True,,,-0.02088368497788906,0.136458158493042,False,1.1920928955078125e-06,0.9979802966117859,0.9979791045188904,0.005815763957798481,1.0017966032028198,True,42,True,source_013,gated,complete
False,True,True,random_method,True,True,False,True,True,True,False,True,,,0.02315532974898815,0.136458158493042,False,-1.1920928955078125e-06,0.9979779124259949,0.9979791045188904,0.2928833067417145,2.3467650413513184,True,42,True,source_013,gated,complete
False,True,True,latent_cosine,True,True,False,True,True,True,False,True,,,0.037791211158037186,0.13645868003368378,False,-7.152557373046875e-07,0.9980218410491943,0.9980225563049316,0.007898585870862007,0.9994876384735107,True,42,True,source_060,gated,complete
False,True,True,semantics_preserving,True,True,False,True,True,True,False,True,,,0.0011364457895979285,0.13645868003368378,False,-1.1920928955078125e-06,0.9980213642120361,0.9980225563049316,0.008654075674712658,1.0019370317459106,True,42,True,source_060,gated,complete
False,True,True,destructive_upper,True,True,False,True,True,True,False,True,,,0.0611189603805542,0.13645868003368378,False,7.957220077514648e-05,0.9981021285057068,0.9980225563049316,0.7196431756019592,5.307291030883789,True,42,True,source_060,gated,complete
False,True,True,random_direction,True,True,False,True,True,True,False,True,,,0.014134481549263,0.13645868003368378,False,7.152557373046875e-07,0.998023271560669,0.9980225563049316,0.006315240636467934,1.00041663646698,True,42,True,source_060,gated,complete
False,True,True,random_method,True,True,False,True,True,True,False,True,,,0.03454689681529999,0.13645868003368378,False,-5.245208740234375e-06,0.9980173110961914,0.9980225563049316,0.01918574422597885,1.0050139427185059,True,42,True,source_060,gated,complete
False,True,True,latent_cosine,True,True,False,True,True,True,False,True,,,0.03889654576778412,0.13589239120483398,False,3.5762786865234375e-07,0.9982214570045471,0.9982210993766785,0.007898585870862007,0.9994282722473145,True,42,True,source_043,gated,complete
False,True,True,semantics_preserving,True,True,False,True,True,True,False,True,,,-0.003100734669715166,0.13589239120483398,False,-5.960464477539062e-07,0.9982205033302307,0.9982210993766785,0.008654075674712658,1.0022228956222534,True,42,True,source_043,gated,complete
False,True,True,destructive_upper,True,True,False,True,True,True,False,True,,,0.06091710552573204,0.13589239120483398,False,-3.445148468017578e-05,0.9981866478919983,0.9982210993766785,0.7196431756019592,5.329078197479248,True,42,True,source_043,gated,complete
False,True,True,random_direction,True,True,False,True,True,True,False,True,,,-0.003100734669715166,0.13589239120483398,False,-5.960464477539062e-07,0.9982205033302307,0.9982210993766785,0.008654075674712658,1.0022228956222534,True,42,True,source_043,gated,complete
False,True,True,random_method,True,True,False,True,True,True,False,True,,,0.023905819281935692,0.13589239120483398,False,-7.086992263793945e-05,0.9981502294540405,0.9982210993766785,0.21114537119865417,1.8275419473648071,True,42,True,source_043,gated,complete
False,True,True,latent_cosine,True,True,False,True,True,True,False,True,,,0.04809430614113808,0.13777859508991241,False,0.00012832880020141602,0.9248470664024353,0.9247187376022339,0.0021758880466222763,0.9993650317192078,True,42,True,source_006,gated,complete
False,True,True,semantics_preserving,True,True,False,True,True,True,False,True,,,-0.018144255504012108,0.13777859508991241,False,3.129243850708008e-05,0.924750030040741,0.9247187376022339,0.0038255895487964153,1.0008889436721802,True,42,True,source_006,gated,complete
False,True,True,destructive_upper,True,True,False,True,True,True,False,True,,,0.03632016107439995,0.13777859508991241,False,-0.03065168857574463,0.8940670490264893,0.9247187376022339,0.7435547113418579,5.452773094177246,True,42,True,source_006,gated,complete
False,True,True,random_direction,True,True,False,True,True,True,False,True,,,-0.018144255504012108,0.13777859508991241,False,3.129243850708008e-05,0.924750030040741,0.9247187376022339,0.0038255895487964153,1.0008889436721802,True,42,True,source_006,gated,complete
False,True,True,random_method,True,True,False,True,True,True,False,True,,,0.0484122559428215,0.13777859508991241,False,-3.826618194580078e-05,0.9246804714202881,0.9247187376022339,0.1317024827003479,1.349514365196228,True,42,True,source_006,gated,complete
False,True,True,latent_cosine,True,True,False,True,True,True,False,True,,,0.04683089628815651,0.13807976245880127,False,3.5762786865234375e-07,0.9982801675796509,0.9982798099517822,0.006588180549442768,0.998903214931488,True,42,True,source_062,gated,complete
False,True,True,semantics_preserving,True,True,False,True,True,True,False,True,,,0.014670329168438911,0.13807976245880127,False,-3.0994415283203125e-06,0.9982767105102539,0.9982798099517822,0.009022271260619164,1.0011755228042603,True,42,True,source_062,gated,complete
False,True,False,destructive_upper,True,False,False,True,True,True,False,True,,,0.048698458820581436,0.13807976245880127,False,-0.00011414289474487305,0.9981656670570374,0.9982798099517822,0.36725273728370667,2.7955381870269775,True,42,True,source_062,gated,complete
False,True,True,random_direction,True,True,False,True,True,True,False,True,,,0.014670329168438911,0.13807976245880127,False,-3.0994415283203125e-06,0.9982767105102539,0.9982798099517822,0.009022271260619164,1.0011755228042603,True,42,True,source_062,gated,complete
False,True,True,random_method,True,True,False,True,True,True,False,True,,,0.02030332200229168,0.13807976245880127,False,1.7881393432617188e-06,0.9982815980911255,0.9982798099517822,0.02635442651808262,1.0142379999160767,True,42,True,source_062,gated,complete
False,True,True,latent_cosine,True,True,False,True,True,True,False,True,,,0.037791211158037186,0.13645868003368378,False,-7.152557373046875e-07,0.9980218410491943,0.9980225563049316,0.007898585870862007,0.9994876384735107,True,42,True,source_048,gated,complete
False,True,True,semantics_preserving,True,True,False,True,True,True,False,True,,,0.0011364426463842392,0.13645868003368378,False,-1.1920928955078125e-06,0.9980213642120361,0.9980225563049316,0.008654075674712658,1.0019370317459106,True,42,True,source_048,gated,complete
False,True,True,destructive_upper,True,True,False,True,True,True,False,True,,,0.061118967831134796,0.13645868003368378,False,7.957220077514648e-05,0.9981021285057068,0.9980225563049316,0.7196431756019592,5.307291030883789,True,42,True,source_048,gated,complete
False,True,True,random_direction,True,True,False,True,True,True,False,True,,,-0.02088281512260437,0.13645868003368378,False,1.5497207641601562e-06,0.9980241060256958,0.9980225563049316,0.005815763957798481,1.0017966032028198,True,42,True,source_048,gated,complete
False,True,True,random_method,True,True,False,True,True,True,False,True,,,0.0356503427028656,0.13645868003368378,False,-8.58306884765625e-06,0.998013973236084,0.9980225563049316,0.01817614957690239,1.0041139125823975,True,42,True,source_048,gated,complete
False,True,True,latent_cosine,True,True,False,True,True,True,False,True,,,0.037791211158037186,0.13645868003368378,False,-7.152557373046875e-07,0.9980218410491943,0.9980225563049316,0.007898585870862007,0.9994876384735107,True,42,True,source_042,gated,complete
False,True,True,semantics_preserving,True,True,False,True,True,True,False,True,,,0.0011364426463842392,0.13645868003368378,False,-1.1920928955078125e-06,0.9980213642120361,0.9980225563049316,0.008654075674712658,1.0019370317459106,True,42,True,source_042,gated,complete
False,True,True,destructive_upper,True,True,False,True,True,True,False,True,,,0.061118967831134796,0.13645868003368378,False,7.957220077514648e-05,0.9981021285057068,0.9980225563049316,0.7196431756019592,5.307291030883789,True,42,True,source_042,gated,complete
False,True,True,random_direction,True,True,False,True,True,True,False,True,,,0.014134482480585575,0.13645868003368378,False,7.152557373046875e-07,0.998023271560669,0.9980225563049316,0.006315240636467934,1.00041663646698,True,42,True,source_042,gated,complete
False,True,True,random_method,True,True,False,True,True,True,False,True,,,0.040252961218357086,0.13645868003368378,False,-2.4378299713134766e-05,0.9979981780052185,0.9980225563049316,0.021135492250323296,1.0057436227798462,True,42,True,source_042,gated,complete
False,True,True,latent_cosine,True,True,False,True,True,True,False,True,,,0.07589969038963318,0.13586314022541046,False,4.243920557200909e-06,0.001455186982639134,0.001450943062081933,0.0037051853723824024,0.9983006715774536,True,42,True,source_010,gated,complete
False,True,True,semantics_preserving,True,True,False,True,True,True,False,True,,,0.04703117907047272,0.13586314022541046,False,1.5253899618983269e-06,0.0014524684520438313,0.001450943062081933,0.003967867698520422,0.9990524649620056,True,42,True,source_010,gated,complete
False,True,True,destructive_upper,True,True,False,True,True,True,False,True,,,0.07735326886177063,0.13586314022541046,False,0.0008818169590085745,0.0023327600210905075,0.001450943062081933,0.7139726281166077,5.272850036621094,True,42,True,source_010,gated,complete
False,True,True,random_direction,True,True,False,True,True,True,False,True,,,0.04703117907047272,0.13586314022541046,False,1.5253899618983269e-06,0.0014524684520438313,0.001450943062081933,0.003967867698520422,0.9990524649620056,True,42,True,source_010,gated,complete
False,True,True,random_method,True,True,False,True,True,True,False,True,,,0.0262468159198761,0.13586314022541046,False,-2.7008354663848877e-08,0.0014509160537272692,0.001450943062081933,0.09358996152877808,1.1993167400360107,True,42,True,source_010,gated,complete
False,True,True,latent_cosine,True,True,False,True,True,True,False,True,,,0.04035935923457146,0.13586731255054474,False,-3.6954879760742188e-06,0.9953843951225281,0.9953880906105042,0.007898585870862007,0.9993433952331543,True,42,True,source_038,gated,complete
False,True,True,semantics_preserving,True,True,False,True,True,True,False,True,,,-0.0002113810187438503,0.13586731255054474,False,-3.0994415283203125e-06,0.9953849911689758,0.9953880906105042,0.008654075674712658,1.002039909362793,True,42,True,source_038,gated,complete
False,True,True,destructive_upper,True,True,False,True,True,True,False,True,,,0.062103480100631714,0.13586731255054474,False,-7.098913192749023e-05,0.9953171014785767,0.9953880906105042,0.7196431756019592,5.328858852386475,True,42,True,source_038,gated,complete
False,True,True,random_direction,True,True,False,True,True,True,False,True,,,0.007811118382960558,0.13586731255054474,False,2.4437904357910156e-06,0.9953905344009399,0.9953880906105042,0.006315240636467934,1.0007169246673584,True,42,True,source_038,gated,complete
False,True,True,random_method,True,True,False,True,True,True,False,True,,,0.01706579141318798,0.13586731255054474,False,7.152557373046875e-06,0.9953952431678772,0.9953880906105042,0.1164245530962944,1.3057674169540405,True,42,True,source_038,gated,complete
False,False,True,latent_cosine,False,False,False,True,True,False,False,True,,,0.07589969038963318,0.13586314022541046,False,1.0870571713894606e-06,0.0003170958661939949,0.0003160088090226054,0.0037051853723824024,0.9983006715774536,True,42,False,source_035,gated,complete
False,False,True,semantics_preserving,False,False,False,True,True,False,False,True,,,0.04703117907047272,0.13586314022541046,False,3.918830770999193e-07,0.00031640069209970534,0.0003160088090226054,0.003967867698520422,0.9990524649620056,True,42,False,source_035,gated,complete
False,False,True,destructive_upper,False,False,False,True,True,False,False,True,,,0.07735326886177063,0.13586314022541046,False,0.0002275276929140091,0.0005435365019366145,0.0003160088090226054,0.7139726281166077,5.272850036621094,True,42,False,source_035,gated,complete
False,False,True,random_direction,False,False,False,True,True,False,False,True,,,0.07589969038963318,0.13586314022541046,False,1.0870571713894606e-06,0.0003170958661939949,0.0003160088090226054,0.0037051853723824024,0.9983006715774536,True,42,False,source_035,gated,complete
False,False,True,random_method,False,False,False,True,True,False,False,True,,,0.028359519317746162,0.13586314022541046,False,-1.5366822481155396e-08,0.00031599344220012426,0.0003160088090226054,0.2857055366039276,2.3027987480163574,True,42,False,source_035,gated,complete
False,True,True,latent_cosine,True,True,False,True,True,True,False,True,,,0.037791211158037186,0.13645868003368378,False,-7.152557373046875e-07,0.9980218410491943,0.9980225563049316,0.007898585870862007,0.9994876384735107,True,42,True,source_037,gated,complete
False,True,True,semantics_preserving,True,True,False,True,True,True,False,True,,,0.001136448816396296,0.13645868003368378,False,-1.1920928955078125e-06,0.9980213642120361,0.9980225563049316,0.008654075674712658,1.0019370317459106,True,42,True,source_037,gated,complete
False,True,True,destructive_upper,True,True,False,True,True,True,False,True,,,0.061118967831134796,0.13645868003368378,False,7.957220077514648e-05,0.9981021285057068,0.9980225563049316,0.7196431756019592,5.307291030883789,True,42,True,source_037,gated,complete
False,True,True,random_direction,True,True,False,True,True,True,False,True,,,0.014134481549263,0.13645868003368378,False,7.152557373046875e-07,0.998023271560669,0.9980225563049316,0.006315240636467934,1.00041663646698,True,42,True,source_037,gated,complete
False,True,True,random_method,True,True,False,True,True,True,False,True,,,0.04146534204483032,0.13645868003368378,False,-2.384185791015625e-07,0.9980223178863525,0.9980225563049316,0.04718282073736191,1.0444518327713013,True,42,True,source_037,gated,complete
False,True,True,latent_cosine,True,True,False,True,True,True,False,True,,,0.07186871021986008,0.1356123983860016,False,-0.00014001131057739258,0.9955554604530334,0.9956954717636108,0.006013000383973122,0.9977939128875732,True,42,True,source_015,gated,complete
False,True,True,semantics_preserving,True,True,False,True,True,True,False,True,,,0.033910688012838364,0.1356123983860016,False,-8.422136306762695e-05,0.9956112504005432,0.9956954717636108,0.00655018724501133,0.9995285272598267,True,42,True,source_015,gated,complete
False,True,False,destructive_upper,True,False,False,True,True,True,False,True,,,0.09409318119287491,0.1356123983860016,False,-0.01953756809234619,0.9761579036712646,0.9956954717636108,0.7104515433311462,5.24018669128418,True,42,True,source_015,gated,complete
False,True,True,random_direction,True,True,False,True,True,True,False,True,,,0.03301109001040459,0.1356123983860016,False,-1.0251998901367188e-05,0.9956852197647095,0.9956954717636108,0.004944542422890663,0.9994610548019409,True,42,True,source_015,gated,complete
False,True,True,random_method,True,True,False,True,True,True,False,True,,,0.05085381865501404,0.1356123983860016,False,1.2159347534179688e-05,0.995707631111145,0.9956954717636108,0.03581695258617401,1.021221399307251,True,42,True,source_015,gated,complete
False,True,True,latent_cosine,True,True,False,True,True,True,False,True,,,0.03853962570428848,0.13586658239364624,False,-2.0265579223632812e-06,0.9976231455802917,0.9976251721382141,0.007898585870862007,0.9994491934776306,True,42,True,source_014,gated,complete
False,True,True,semantics_preserving,True,True,False,True,True,True,False,True,,,-0.002035899553447962,0.13586658239364624,False,-1.5497207641601562e-06,0.99762362241745,0.9976251721382141,0.008654075674712658,1.0021560192108154,True,42,True,source_014,gated,complete
False,True,True,destructive_upper,True,True,False,True,True,True,False,True,,,0.06301061064004898,0.13586658239364624,False,-3.3915042877197266e-05,0.9975912570953369,0.9976251721382141,0.7196431756019592,5.327985763549805,True,42,True,source_014,gated,complete
False,True,True,random_direction,True,True,False,True,True,True,False,True,,,0.03853962570428848,0.13586658239364624,False,-2.0265579223632812e-06,0.9976231455802917,0.9976251721382141,0.007898585870862007,0.9994491934776306,True,42,True,source_014,gated,complete
False,True,True,random_method,True,True,False,True,True,True,False,True,,,0.025852790102362633,0.13586658239364624,False,-3.2186508178710938e-06,0.9976219534873962,0.9976251721382141,0.2837258279323578,2.2919178009033203,True,42,True,source_014,gated,complete
False,True,True,latent_cosine,True,True,False,True,True,True,False,True,,,0.020997429266572,0.13499975204467773,False,-4.0531158447265625e-06,0.99856036901474,0.9985644221305847,0.00350376614369452,0.9997918009757996,True,42,True,source_054,gated,complete
False,True,True,semantics_preserving,True,True,False,True,True,True,False,True,,,-0.023603839799761772,0.13499975204467773,False,-1.430511474609375e-06,0.9985629916191101,0.9985644221305847,0.0039272126741707325,1.00110924243927,True,42,True,source_054,gated,complete
False,True,True,destructive_upper,True,True,False,True,True,True,False,True,,,0.07053423672914505,0.13499975204467773,False,-0.00218278169631958,0.9963816404342651,0.9985644221305847,0.7435242533683777,5.527809143066406,True,42,True,source_054,gated,complete
False,True,True,random_direction,True,True,False,True,True,True,False,True,,,-0.12296490371227264,0.13499975204467773,False,2.5033950805664062e-06,0.9985669255256653,0.9985644221305847,0.0011220650048926473,1.0010560750961304,True,42,True,source_054,gated,complete
False,True,True,random_method,True,True,False,True,True,True,False,True,,,0.03905579075217247,0.13499975204467773,False,1.1920928955078125e-06,0.9985656142234802,0.9985644221305847,0.27265286445617676,2.218388319015503,True,42,True,source_054,gated,complete
False,True,True,latent_cosine,True,True,False,True,True,True,False,True,,,0.04974304884672165,0.13752901554107666,False,-6.252527236938477e-05,0.9800305962562561,0.9800931215286255,0.0046486081555485725,0.9988894462585449,True,42,True,source_033,gated,complete
False,True,True,semantics_preserving,True,True,False,True,True,True,False,True,,,0.00919631402939558,0.13752901554107666,False,-3.0338764190673828e-05,0.9800627827644348,0.9800931215286255,0.00502280006185174,1.000331163406372,True,42,True,source_033,gated,complete
False,True,True,destructive_upper,True,True,False,True,True,True,False,True,,,0.06711068004369736,0.13752901554107666,False,-0.0010241866111755371,0.97906893491745,0.9800931215286255,0.7067594528198242,5.16908073425293,True,42,True,source_033,gated,complete
False,True,True,random_direction,True,True,False,True,True,True,False,True,,,0.00919631402939558,0.13752901554107666,False,-3.0338764190673828e-05,0.9800627827644348,0.9800931215286255,0.00502280006185174,1.000331163406372,True,42,True,source_033,gated,complete
False,True,True,random_method,True,True,False,True,True,True,False,True,,,0.03276635706424713,0.13752901554107666,False,-2.485513687133789e-05,0.9800682663917542,0.9800931215286255,0.29746389389038086,2.352970600128174,True,42,True,source_033,gated,complete
False,True,True,latent_cosine,True,True,False,True,True,True,False,True,,,0.037791211158037186,0.13645868003368378,False,-7.152557373046875e-07,0.9980218410491943,0.9980225563049316,0.007898585870862007,0.9994876384735107,True,42,True,source_067,gated,complete
False,True,True,semantics_preserving,True,True,False,True,True,True,False,True,,,0.0011364442761987448,0.13645868003368378,False,-1.1920928955078125e-06,0.9980213642120361,0.9980225563049316,0.008654075674712658,1.0019370317459106,True,42,True,source_067,gated,complete
False,True,True,destructive_upper,True,True,False,True,True,True,False,True,,,0.061118967831134796,0.13645868003368378,False,7.957220077514648e-05,0.9981021285057068,0.9980225563049316,0.7196431756019592,5.307291030883789,True,42,True,source_067,gated,complete
False,True,True,random_direction,True,True,False,True,True,True,False,True,,,0.0011364442761987448,0.13645868003368378,False,-1.1920928955078125e-06,0.9980213642120361,0.9980225563049316,0.008654075674712658,1.0019370317459106,True,42,True,source_067,gated,complete
False,True,True,random_method,True,True,False,True,True,True,False,True,,,0.01893938146531582,0.13645868003368378,False,-0.00018310546875,0.9978394508361816,0.9980225563049316,0.28207409381866455,2.2791693210601807,True,42,True,source_067,gated,complete
False,False,True,latent_cosine,False,False,False,True,True,False,False,True,,,0.07589970529079437,0.13586314022541046,False,1.0858930181711912e-06,0.0003169486590195447,0.00031586276600137353,0.0037051853723824024,0.9983006715774536,True,42,False,source_059,gated,complete
False,False,True,semantics_preserving,False,False,False,True,True,False,False,True,,,0.04703117907047272,0.13586314022541046,False,3.913592081516981e-07,0.00031625412520952523,0.00031586276600137353,0.003967867698520422,0.9990524649620056,True,42,False,source_059,gated,complete
False,False,True,destructive_upper,False,False,False,True,True,False,False,True,,,0.07735326886177063,0.13586314022541046,False,0.00022739276755601168,0.0005432555335573852,0.00031586276600137353,0.7139726281166077,5.272850036621094,True,42,False,source_059,gated,complete
False,False,True,random_direction,False,False,False,True,True,False,False,True,,,0.03847837448120117,0.13586314022541046,False,3.0366936698555946e-07,0.0003161664353683591,0.00031586276600137353,0.0031943300273269415,0.9993715286254883,True,42,False,source_059,gated,complete
False,False,True,random_method,False,False,False,True,True,False,False,True,,,0.05298786237835884,0.13586314022541046,False,-2.1100277081131935e-08,0.0003158416657242924,0.00031586276600137353,0.013792160898447037,0.9997736215591431,True,42,False,source_059,gated,complete
False,True,True,latent_cosine,True,True,False,True,True,True,False,True,,,0.037791211158037186,0.13645868003368378,False,-7.152557373046875e-07,0.9980218410491943,0.9980225563049316,0.007898585870862007,0.9994876384735107,True,42,True,source_017,gated,complete
False,True,True,semantics_preserving,True,True,False,True,True,True,False,True,,,0.0011364442761987448,0.13645868003368378,False,-1.1920928955078125e-06,0.9980213642120361,0.9980225563049316,0.008654075674712658,1.0019370317459106,True,42,True,source_017,gated,complete
False,True,True,destructive_upper,True,True,False,True,True,True,False,True,,,0.061118971556425095,0.13645868003368378,False,7.957220077514648e-05,0.9981021285057068,0.9980225563049316,0.7196431756019592,5.307291030883789,True,42,True,source_017,gated,complete
False,True,True,random_direction,True,True,False,True,True,True,False,True,,,0.0011364442761987448,0.13645868003368378,False,-1.1920928955078125e-06,0.9980213642120361,0.9980225563049316,0.008654075674712658,1.0019370317459106,True,42,True,source_017,gated,complete
False,True,True,random_method,True,True,False,True,True,True,False,True,,,0.02379867248237133,0.13645868003368378,False,-2.2649765014648438e-06,0.9980202913284302,0.9980225563049316,0.2819240093231201,2.273770332336426,True,42,True,source_017,gated,complete
False,True,True,latent_cosine,True,True,False,True,True,True,False,True,,,0.033853307366371155,0.1366819143295288,False,-2.5033950805664062e-06,0.9977461695671082,0.9977486729621887,0.006947887130081654,0.9995710849761963,True,42,True,source_072,gated,complete
False,True,True,semantics_preserving,True,True,False,True,True,True,False,True,,,0.024729589000344276,0.1366819143295288,False,-3.635883331298828e-06,0.9977450370788574,0.9977486729621887,0.007498661521822214,1.0001482963562012,True,42,True,source_072,gated,complete
False,True,False,destructive_upper,True,False,False,True,True,True,False,True,,,0.07895825803279877,0.1366819143295288,False,-0.0003567337989807129,0.997391939163208,0.9977486729621887,0.7108170390129089,5.217677593231201,True,42,True,source_072,gated,complete
False,True,True,random_direction,True,True,False,True,True,True,False,True,,,0.024729589000344276,0.1366819143295288,False,-3.635883331298828e-06,0.9977450370788574,0.9977486729621887,0.007498661521822214,1.0001482963562012,True,42,True,source_072,gated,complete
False,True,True,random_method,True,True,False,True,True,True,False,True,,,0.04042922332882881,0.1366819143295288,False,1.6868114471435547e-05,0.9977655410766602,0.9977486729621887,0.05136561393737793,1.0539648532867432,True,42,True,source_072,gated,complete
False,False,True,latent_cosine,False,False,False,True,True,False,False,True,,,0.05275017023086548,0.13758881390094757,False,1.1460863996119036e-16,1.7026551474069382e-14,1.691194283410819e-14,0.007978221401572227,0.9986215233802795,True,42,False,source_029,gated,complete
False,False,True,semantics_preserving,False,False,False,True,True,False,False,True,,,0.0045796530321240425,0.13758881390094757,False,1.662048049102388e-17,1.6928563314599215e-14,1.691194283410819e-14,0.008813051506876945,1.0017565488815308,True,42,False,source_029,gated,complete
False,False,False,destructive_upper,False,False,False,True,True,False,False,True,,,0.06503809243440628,0.13758881390094757,False,9.0003857502758e-16,1.781198140913577e-14,1.691194283410819e-14,0.7029950022697449,5.142106533050537,True,42,False,source_029,gated,complete
False,False,True,random_direction,False,False,False,True,True,False,False,True,,,0.05275017023086548,0.13758881390094757,False,1.1460863996119036e-16,1.7026551474069382e-14,1.691194283410819e-14,0.007978221401572227,0.9986215233802795,True,42,False,source_029,gated,complete
False,False,True,random_method,False,False,False,True,True,False,False,True,,,0.058539099991321564,0.13758881390094757,False,6.4848842441789234e-18,1.691842771835237e-14,1.691194283410819e-14,0.006431042682379484,0.9983549118041992,True,42,False,source_029,gated,complete
False,True,True,latent_cosine,True,True,False,True,True,True,False,True,,,0.037791211158037186,0.13645868003368378,False,-7.152557373046875e-07,0.9980218410491943,0.9980225563049316,0.007898585870862007,0.9994876384735107,True,42,True,source_073,gated,complete
False,True,True,semantics_preserving,True,True,False,True,True,True,False,True,,,0.0011364426463842392,0.13645868003368378,False,-1.1920928955078125e-06,0.9980213642120361,0.9980225563049316,0.008654075674712658,1.0019370317459106,True,42,True,source_073,gated,complete
False,True,True,destructive_upper,True,True,False,True,True,True,False,True,,,0.061118971556425095,0.13645868003368378,False,7.957220077514648e-05,0.9981021285057068,0.9980225563049316,0.7196431756019592,5.307291030883789,True,42,True,source_073,gated,complete
False,True,True,random_direction,True,True,False,True,True,True,False,True,,,0.014134484343230724,0.13645868003368378,False,7.152557373046875e-07,0.998023271560669,0.9980225563049316,0.006315240636467934,1.00041663646698,True,42,True,source_073,gated,complete
False,True,True,random_method,True,True,False,True,True,True,False,True,,,0.04616806283593178,0.13645868003368378,False,-4.887580871582031e-06,0.9980176687240601,0.9980225563049316,0.2970716655254364,2.35336971282959,True,42,True,source_073,gated,complete
False,True,True,latent_cosine,True,True,False,True,True,True,False,True,,,0.03475729748606682,0.13659894466400146,False,-1.6689300537109375e-06,0.9988518953323364,0.9988535642623901,0.006004509050399065,0.9994382262229919,True,42,True,source_019,gated,complete
False,True,True,semantics_preserving,True,True,False,True,True,True,False,True,,,0.02461189217865467,0.13659894466400146,False,-2.0265579223632812e-06,0.9988515377044678,0.9988535642623901,0.006477887276560068,0.9999573230743408,True,42,True,source_019,gated,complete
False,True,False,destructive_upper,True,False,False,True,True,True,False,True,,,0.07729007303714752,0.13659894466400146,False,-0.0002167820930480957,0.998636782169342,0.9988535642623901,0.7154834866523743,5.255978107452393,True,42,True,source_019,gated,complete
False,True,True,random_direction,True,True,False,True,True,True,False,True,,,0.02461189217865467,0.13659894466400146,False,-2.0265579223632812e-06,0.9988515377044678,0.9988535642623901,0.006477887276560068,0.9999573230743408,True,42,True,source_019,gated,complete
False,True,True,random_method,True,True,False,True,True,True,False,True,,,0.0337887741625309,0.13659894466400146,False,3.5762786865234375e-07,0.9988539218902588,0.9988535642623901,0.029955139383673668,1.0164989233016968,True,42,True,source_019,gated,complete
False,False,True,latent_cosine,False,False,False,True,True,False,False,True,,,0.07589970529079437,0.13586314022541046,False,1.0858930181711912e-06,0.0003169486590195447,0.00031586276600137353,0.0037051853723824024,0.9983006715774536,True,42,False,source_052,gated,complete
False,False,True,semantics_preserving,False,False,False,True,True,False,False,True,,,0.04703117907047272,0.13586314022541046,False,3.913592081516981e-07,0.00031625412520952523,0.00031586276600137353,0.003967867698520422,0.9990524649620056,True,42,False,source_052,gated,complete
False,False,True,destructive_upper,False,False,False,True,True,False,False,True,,,0.07735326886177063,0.13586314022541046,False,0.00022739276755601168,0.0005432555335573852,0.00031586276600137353,0.7139726281166077,5.272850036621094,True,42,False,source_052,gated,complete
,,,random_direction,,,,,,,,,materialization_invalid_register,,,,,,,,,,,42,,source_052,,failed
False,False,True,random_method,False,False,False,True,True,False,False,True,,,0.012527260929346085,0.13586314022541046,False,-1.3853423297405243e-08,0.0003158489125780761,0.00031586276600137353,0.04799283295869827,1.056376338005066,True,42,False,source_052,gated,complete
False,True,True,latent_cosine,True,True,False,True,True,True,False,True,,,0.02129572071135044,0.13662587106227875,False,-3.9458274841308594e-05,0.9797471761703491,0.9797866344451904,0.005470378790050745,0.9999489784240723,True,42,True,source_036,gated,complete
False,True,True,semantics_preserving,True,True,False,True,True,True,False,True,,,0.02129572071135044,0.13662587106227875,False,-3.9458274841308594e-05,0.9797471761703491,0.9797866344451904,0.005470378790050745,0.9999489784240723,True,42,True,source_036,gated,complete
False,True,True,destructive_upper,True,True,False,True,True,True,False,True,,,0.07423671334981918,0.13662587106227875,False,-0.008333921432495117,0.9714527130126953,0.9797866344451904,0.7063252925872803,5.1922078132629395,True,42,True,source_036,gated,complete
False,True,True,random_direction,True,True,False,True,True,True,False,True,,,0.02051256224513054,0.13662587106227875,False,-6.61015510559082e-05,0.9797205328941345,0.9797866344451904,0.005045462399721146,0.9999244213104248,True,42,True,source_036,gated,complete
False,True,True,random_method,True,True,False,True,True,True,False,True,,,0.020381391048431396,0.13662587106227875,False,7.426738739013672e-05,0.9798609018325806,0.9797866344451904,0.0631323829293251,1.0930161476135254,True,42,True,source_036,gated,complete
False,True,True,latent_cosine,True,True,False,True,True,True,False,True,,,0.037791211158037186,0.13645868003368378,False,-7.152557373046875e-07,0.9980218410491943,0.9980225563049316,0.007898585870862007,0.9994876384735107,True,42,True,source_022,gated,complete
False,True,True,semantics_preserving,True,True,False,True,True,True,False,True,,,0.0011364442761987448,0.13645868003368378,False,-1.1920928955078125e-06,0.9980213642120361,0.9980225563049316,0.008654075674712658,1.0019370317459106,True,42,True,source_022,gated,complete
False,True,True,destructive_upper,True,True,False,True,True,True,False,True,,,0.0611189603805542,0.13645868003368378,False,7.957220077514648e-05,0.9981021285057068,0.9980225563049316,0.7196431756019592,5.307291030883789,True,42,True,source_022,gated,complete
False,True,True,random_direction,True,True,False,True,True,True,False,True,,,-0.02088281512260437,0.13645868003368378,False,1.5497207641601562e-06,0.9980241060256958,0.9980225563049316,0.005815763957798481,1.0017966032028198,True,42,True,source_022,gated,complete
False,True,True,random_method,True,True,False,True,True,True,False,True,,,0.014751579612493515,0.13645868003368378,False,-1.4960765838623047e-05,0.998007595539093,0.9980225563049316,0.09805500507354736,1.22275972366333,True,42,True,source_022,gated,complete
False,True,True,latent_cosine,True,True,False,True,True,True,False,True,,,0.029075101017951965,0.13699644804000854,False,1.6689300537109375e-06,0.9988715052604675,0.9988698363304138,0.0273240078240633,1.013993263244629,True,42,True,source_071,gated,complete
False,True,True,semantics_preserving,True,True,False,True,True,True,False,True,,,0.0027429538313299417,0.13699644804000854,False,3.5762786865234375e-07,0.9988701939582825,0.9988698363304138,0.03004702366888523,1.0231819152832031,True,42,True,source_071,gated,complete
False,True,True,destructive_upper,True,True,False,True,True,True,False,True,,,-0.004694612696766853,0.13699644804000854,False,2.6285648345947266e-05,0.9988961219787598,0.9988698363304138,0.3941776156425476,3.050537109375,True,42,True,source_071,gated,complete
False,True,True,random_direction,True,True,False,True,True,True,False,True,,,-0.014732718467712402,0.13699644804000854,False,1.6689300537109375e-06,0.9988715052604675,0.9988698363304138,0.02165141887962818,1.0147091150283813,True,42,True,source_071,gated,complete
False,True,True,random_method,True,True,False,True,True,True,False,True,,,0.05423971265554428,0.13699644804000854,False,-3.993511199951172e-06,0.9988658428192139,0.9988698363304138,0.10328996181488037,1.2192898988723755,True,42,True,source_071,gated,complete
False,True,True,latent_cosine,True,True,False,True,True,True,False,True,,,0.029852762818336487,0.13610051572322845,False,0.0,0.9881525635719299,0.9881525635719299,4.267856290596228e-09,1.0,True,42,True,source_053,gated,complete
False,True,True,semantics_preserving,True,True,False,True,True,True,False,True,,,0.012044958770275116,0.13610051572322845,False,-5.8531761169433594e-05,0.9880940318107605,0.9881525635719299,0.004027894698083401,1.0000814199447632,True,42,True,source_053,gated,complete
False,True,True,destructive_upper,True,True,False,True,True,True,False,True,,,0.06149338185787201,0.13610051572322845,False,-0.0021918416023254395,0.9859607219696045,0.9881525635719299,0.72514408826828,5.360257148742676,True,42,True,source_053,gated,complete
False,True,True,random_direction,True,True,False,True,True,True,False,True,,,0.009980250149965286,0.13610051572322845,False,-2.5928020477294922e-05,0.9881266355514526,0.9881525635719299,0.0035748255904763937,1.0000827312469482,True,42,True,source_053,gated,complete
False,True,True,random_method,True,True,False,True,True,True,False,True,,,-0.045245036482810974,0.13610051572322845,False,-1.990795135498047e-05,0.988132655620575,0.9881525635719299,0.10546500235795975,1.2925167083740234,True,42,True,source_053,gated,complete
False,True,True,latent_cosine,True,True,False,True,True,True,False,True,,,0.04035935923457146,0.13586731255054474,False,-3.6954879760742188e-06,0.9953843951225281,0.9953880906105042,0.007898585870862007,0.9993433952331543,True,42,True,source_018,gated,complete
False,True,True,semantics_preserving,True,True,False,True,True,True,False,True,,,-0.0002113810187438503,0.13586731255054474,False,-3.0994415283203125e-06,0.9953849911689758,0.9953880906105042,0.008654075674712658,1.002039909362793,True,42,True,source_018,gated,complete
False,True,True,destructive_upper,True,True,False,True,True,True,False,True,,,0.062103480100631714,0.13586731255054474,False,-7.098913192749023e-05,0.9953171014785767,0.9953880906105042,0.7196431756019592,5.328858852386475,True,42,True,source_018,gated,complete
False,True,True,random_direction,True,True,False,True,True,True,False,True,,,0.0078111193142831326,0.13586731255054474,False,2.4437904357910156e-06,0.9953905344009399,0.9953880906105042,0.006315240636467934,1.0007169246673584,True,42,True,source_018,gated,complete
False,True,True,random_method,True,True,False,True,True,True,False,True,,,0.018650956451892853,0.13586731255054474,False,-1.8715858459472656e-05,0.9953693747520447,0.9953880906105042,0.0807669535279274,1.1537772417068481,True,42,True,source_018,gated,complete
False,True,True,latent_cosine,True,True,False,True,True,True,False,True,,,0.037791211158037186,0.13645868003368378,False,-7.152557373046875e-07,0.9980218410491943,0.9980225563049316,0.007898585870862007,0.9994876384735107,True,42,True,source_012,gated,complete
False,True,True,semantics_preserving,True,True,False,True,True,True,False,True,,,0.0011364457895979285,0.13645868003368378,False,-1.1920928955078125e-06,0.9980213642120361,0.9980225563049316,0.008654075674712658,1.0019370317459106,True,42,True,source_012,gated,complete
False,True,True,destructive_upper,True,True,False,True,True,True,False,True,,,0.0611189603805542,0.13645868003368378,False,7.957220077514648e-05,0.9981021285057068,0.9980225563049316,0.7196431756019592,5.307291030883789,True,42,True,source_012,gated,complete
False,True,True,random_direction,True,True,False,True,True,True,False,True,,,0.014134481549263,0.13645868003368378,False,7.152557373046875e-07,0.998023271560669,0.9980225563049316,0.006315240636467934,1.00041663646698,True,42,True,source_012,gated,complete
False,True,True,random_method,True,True,False,True,True,True,False,True,,,0.015119083225727081,0.13645868003368378,False,-1.806020736694336e-05,0.9980044960975647,0.9980225563049316,0.05308228358626366,1.0675005912780762,True,42,True,source_012,gated,complete
False,True,True,latent_cosine,True,True,False,True,True,True,False,True,,,0.04974305257201195,0.13752901554107666,False,-6.252527236938477e-05,0.9800305962562561,0.9800931215286255,0.0046486081555485725,0.9988894462585449,True,42,True,source_021,gated,complete
False,True,True,semantics_preserving,True,True,False,True,True,True,False,True,,,0.00919631402939558,0.13752901554107666,False,-3.0338764190673828e-05,0.9800627827644348,0.9800931215286255,0.00502280006185174,1.000331163406372,True,42,True,source_021,gated,complete
False,True,True,destructive_upper,True,True,False,True,True,True,False,True,,,0.06711068004369736,0.13752901554107666,False,-0.0010241866111755371,0.97906893491745,0.9800931215286255,0.7067594528198242,5.16908073425293,True,42,True,source_021,gated,complete
False,True,True,random_direction,True,True,False,True,True,True,False,True,,,0.00919631402939558,0.13752901554107666,False,-3.0338764190673828e-05,0.9800627827644348,0.9800931215286255,0.00502280006185174,1.000331163406372,True,42,True,source_021,gated,complete
False,True,True,random_method,True,True,False,True,True,True,False,True,,,0.023028358817100525,0.13752901554107666,False,-4.351139068603516e-06,0.9800887703895569,0.9800931215286255,0.26864638924598694,2.1738736629486084,True,42,True,source_021,gated,complete
False,True,True,latent_cosine,True,True,False,True,True,True,False,True,,,0.06532324105501175,0.13635407388210297,False,4.979968070983887e-05,0.33141857385635376,0.3313687741756439,0.0035810477565973997,0.9986283779144287,True,42,True,source_051,gated,complete
False,True,True,semantics_preserving,True,True,False,True,True,True,False,True,,,0.04128479212522507,0.13635407388210297,False,-2.8133392333984375e-05,0.33134064078330994,0.3313687741756439,0.003942033741623163,0.999224066734314,True,42,True,source_051,gated,complete
False,True,False,destructive_upper,True,False,False,True,True,True,False,True,,,0.05335262045264244,0.13635407388210297,False,-0.010830610990524292,0.32053816318511963,0.3313687741756439,0.7804311513900757,5.757467746734619,True,42,True,source_051,gated,complete
False,True,True,random_direction,True,True,False,True,True,True,False,True,,,0.04128479212522507,0.13635407388210297,False,-2.8133392333984375e-05,0.33134064078330994,0.3313687741756439,0.003942033741623163,0.999224066734314,True,42,True,source_051,gated,complete
False,True,True,random_method,True,True,False,True,True,True,False,True,,,0.0148402014747262,0.13635407388210297,False,9.924173355102539e-06,0.331378698348999,0.3313687741756439,0.20426160097122192,1.7887459993362427,True,42,True,source_051,gated,complete
False,True,True,latent_cosine,True,True,False,True,True,True,False,True,,,0.037793006747961044,0.136458158493042,False,-3.5762786865234375e-06,0.9979762434959412,0.9979798197746277,0.007898585870862007,0.9994876384735107,True,42,True,source_044,gated,complete
False,True,True,semantics_preserving,True,True,False,True,True,True,False,True,,,0.0011340134078636765,0.136458158493042,False,-1.9073486328125e-06,0.9979779124259949,0.9979798197746277,0.008654075674712658,1.0019371509552002,True,42,True,source_044,gated,complete
False,True,True,destructive_upper,True,True,False,True,True,True,False,True,,,0.061116501688957214,0.136458158493042,False,-7.206201553344727e-05,0.9979077577590942,0.9979798197746277,0.7196431756019592,5.307312965393066,True,42,True,source_044,gated,complete
False,True,True,random_direction,True,True,False,True,True,True,False,True,,,0.037793006747961044,0.136458158493042,False,-3.5762786865234375e-06,0.9979762434959412,0.9979798197746277,0.007898585870862007,0.9994876384735107,True,42,True,source_044,gated,complete
False,True,True,random_method,True,True,False,True,True,True,False,True,,,0.018095914274454117,0.136458158493042,False,1.3530254364013672e-05,0.9979933500289917,0.9979798197746277,0.1164245530962944,1.302709698677063,True,42,True,source_044,gated,complete
False,True,True,latent_cosine,True,True,False,True,True,True,False,True,,,0.04809430614113808,0.13777859508991241,False,1.2278556823730469e-05,0.9900924563407898,0.9900801777839661,0.0021758880466222763,0.9993650317192078,True,42,True,source_003,gated,complete
False,True,True,semantics_preserving,True,True,False,True,True,True,False,True,,,-0.018144255504012108,0.13777859508991241,False,6.318092346191406e-06,0.9900864958763123,0.9900801777839661,0.0038255895487964153,1.0008889436721802,True,42,True,source_003,gated,complete
False,True,True,destructive_upper,True,True,False,True,True,True,False,True,,,0.03632016107439995,0.13777859508991241,False,-0.004070758819580078,0.986009418964386,0.9900801777839661,0.7435547113418579,5.452773094177246,True,42,True,source_003,gated,complete
False,True,True,random_direction,True,True,False,True,True,True,False,True,,,-0.03542323410511017,0.13777859508991241,False,-5.602836608886719e-06,0.9900745749473572,0.9900801777839661,0.0032254697289317846,1.0011026859283447,True,42,True,source_003,gated,complete
False,True,True,random_method,True,True,False,True,True,True,False,True,,,0.045077428221702576,0.13777859508991241,False,-1.2516975402832031e-06,0.9900789260864258,0.9900801777839661,0.005472864024341106,0.9989978671073914,True,42,True,source_003,gated,complete
False,True,True,latent_cosine,True,True,False,True,True,True,False,True,,,0.07188611477613449,0.13561686873435974,False,-0.0001404881477355957,0.995535135269165,0.9956756234169006,0.006013000383973122,0.9977933168411255,True,42,True,source_031,gated,complete
False,True,True,semantics_preserving,True,True,False,True,True,True,False,True,,,0.033905722200870514,0.13561686873435974,False,-8.434057235717773e-05,0.9955912828445435,0.9956756234169006,0.00655018724501133,0.9995288252830505,True,42,True,source_031,gated,complete
False,True,False,destructive_upper,True,False,False,True,True,True,False,True,,,0.09409674257040024,0.13561686873435974,False,-0.019396603107452393,0.9762790203094482,0.9956756234169006,0.7104515433311462,5.24001407623291,True,42,True,source_031,gated,complete
False,True,True,random_direction,True,True,False,True,True,True,False,True,,,0.07188611477613449,0.13561686873435974,False,-0.0001404881477355957,0.995535135269165,0.9956756234169006,0.006013000383973122,0.9977933168411255,True,42,True,source_031,gated,complete
False,True,True,random_method,True,True,False,True,True,True,False,True,,,0.050869300961494446,0.13561686873435974,False,1.2278556823730469e-05,0.9956879019737244,0.9956756234169006,0.03581695258617401,1.021215796470642,True,42,True,source_031,gated,complete
False,True,True,latent_cosine,True,True,False,True,True,True,False,True,,,0.05025041103363037,0.1326340138912201,False,-9.357929229736328e-06,0.9956085085868835,0.9956178665161133,0.007425898220390081,0.9987531900405884,True,42,True,source_049,gated,complete
False,True,True,semantics_preserving,True,True,False,True,True,True,False,True,,,0.018888240680098534,0.1326340138912201,False,-1.728534698486328e-05,0.9956005811691284,0.9956178665161133,0.00826126616448164,1.0007630586624146,True,42,True,source_049,gated,complete
False,True,False,destructive_upper,True,False,False,True,True,True,False,True,,,0.08039272576570511,0.1326340138912201,False,-3.355741500854492e-05,0.9955843091011047,0.9956178665161133,0.7190543413162231,5.433165073394775,True,42,True,source_049,gated,complete
False,True,True,random_direction,True,True,False,True,True,True,False,True,,,-0.014092028141021729,0.1326340138912201,False,2.9206275939941406e-06,0.9956207871437073,0.9956178665161133,0.005483194254338741,1.0014361143112183,True,42,True,source_049,gated,complete
False,True,True,random_method,True,True,False,True,True,True,False,True,,,0.04525018110871315,0.1326340138912201,False,-3.0279159545898438e-05,0.9955875873565674,0.9956178665161133,0.032651547342538834,1.0189820528030396,True,42,True,source_049,gated,complete
False,True,True,latent_cosine,True,True,False,True,True,True,False,True,,,0.14485183358192444,0.13699354231357574,False,-2.8848648071289062e-05,0.9998422861099243,0.9998711347579956,0.20403528213500977,1.6693623065948486,True,43,True,source_065,gated,complete
False,True,True,semantics_preserving,True,True,False,True,True,True,False,True,,,0.017705067992210388,0.13699354231357574,False,-5.245208740234375e-06,0.9998658895492554,0.9998711347579956,0.21131421625614166,1.8233823776245117,True,43,True,source_065,gated,complete
False,True,True,destructive_upper,True,True,False,True,True,True,False,True,,,0.07512323558330536,0.13699354231357574,False,-4.786252975463867e-05,0.999823272228241,0.9998711347579956,0.5345504283905029,3.954672336578369,True,43,True,source_065,gated,complete
False,True,True,random_direction,True,True,False,True,True,True,False,True,,,0.017705067992210388,0.13699354231357574,False,-5.245208740234375e-06,0.9998658895492554,0.9998711347579956,0.21131421625614166,1.8233823776245117,True,43,True,source_065,gated,complete
False,True,True,random_method,True,True,False,True,True,True,False,True,,,0.08843275904655457,0.13699354231357574,False,2.384185791015625e-07,0.9998713731765747,0.9998711347579956,0.1009635478258133,1.1886179447174072,True,43,True,source_065,gated,complete
False,True,True,latent_cosine,True,True,False,True,True,True,False,True,,,0.14461307227611542,0.13703252375125885,False,-1.537799835205078e-05,0.9999265670776367,0.9999419450759888,0.20403528213500977,1.6692341566085815,True,43,True,source_039,gated,complete
False,True,True,semantics_preserving,True,True,False,True,True,True,False,True,,,0.018492896109819412,0.13703252375125885,False,-2.86102294921875e-06,0.9999390840530396,0.9999419450759888,0.21131421625614166,1.8223488330841064,True,43,True,source_039,gated,complete
False,True,True,destructive_upper,True,True,False,True,True,True,False,True,,,0.07449264079332352,0.13703252375125885,False,-2.586841583251953e-05,0.9999160766601562,0.9999419450759888,0.5345504283905029,3.9542200565338135,True,43,True,source_039,gated,complete
False,True,True,random_direction,True,True,False,True,True,True,False,True,,,0.04979661479592323,0.13703252375125885,False,-1.2159347534179688e-05,0.9999297857284546,0.9999419450759888,0.1838044375181198,1.632651925086975,True,43,True,source_039,gated,complete
False,True,True,random_method,True,True,False,True,True,True,False,True,,,0.08405773341655731,0.13703252375125885,False,-1.0728836059570312e-06,0.9999408721923828,0.9999419450759888,0.09805500507354736,1.1797157526016235,True,43,True,source_039,gated,complete
False,True,True,latent_cosine,True,False,False,True,True,False,False,True,,,0.034871701151132584,0.13706615567207336,False,-0.00015926361083984375,0.9987629652023315,0.9989222288131714,0.10183846205472946,1.2248315811157227,True,43,False,source_008,gated,complete
False,True,True,semantics_preserving,True,False,False,True,True,False,False,True,,,-0.008733527734875679,0.13706615567207336,False,8.940696716308594e-07,0.998923122882843,0.9989222288131714,0.10733430832624435,1.2754993438720703,True,43,False,source_008,gated,complete
False,True,False,destructive_upper,True,False,False,True,True,False,False,True,,,0.022446731105446815,0.13706615567207336,False,-0.00021350383758544922,0.9987087249755859,0.9989222288131714,0.6511725783348083,4.83288049697876,True,43,False,source_008,gated,complete
False,True,True,random_direction,True,False,False,True,True,False,False,True,,,0.01858510635793209,0.13706615567207336,False,-0.00012111663818359375,0.9988011121749878,0.9989222288131714,0.0882784053683281,1.1793513298034668,True,43,False,source_008,gated,complete
False,True,True,random_method,True,False,False,True,True,False,False,True,,,0.034174010157585144,0.13706615567207336,False,-1.430511474609375e-05,0.9989079236984253,0.9989222288131714,0.1263914555311203,1.3368921279907227,True,43,False,source_008,gated,complete
False,True,True,latent_cosine,True,True,False,True,True,True,False,True,,,0.1487341821193695,0.13715307414531708,False,-0.0001698136329650879,0.9992976188659668,0.9994674324989319,0.20403528213500977,1.6645011901855469,True,43,True,source_061,gated,complete
False,True,True,semantics_preserving,True,True,False,True,True,True,False,True,,,0.016001101583242416,0.13715307414531708,False,-3.349781036376953e-05,0.9994339346885681,0.9994674324989319,0.21131421625614166,1.8233225345611572,True,43,True,source_061,gated,complete
False,True,True,destructive_upper,True,True,False,True,True,True,False,True,,,0.07532164454460144,0.13715307414531708,False,-0.00034117698669433594,0.9991262555122375,0.9994674324989319,0.5345504283905029,3.9500844478607178,True,43,True,source_061,gated,complete
False,True,True,random_direction,True,True,False,True,True,True,False,True,,,0.0931382030248642,0.13715307414531708,False,-0.00013715028762817383,0.9993302822113037,0.9994674324989319,0.1813296228647232,1.5816650390625,True,43,True,source_061,gated,complete
False,True,True,random_method,True,True,False,True,True,True,False,True,,,0.09113426506519318,0.13715307414531708,False,-2.86102294921875e-06,0.9994645714759827,0.9994674324989319,0.04040282592177391,1.0164082050323486,True,43,True,source_061,gated,complete
False,True,True,latent_cosine,True,True,False,True,True,True,False,True,,,0.028913166373968124,0.1376388520002365,False,-1.1920928955078125e-07,0.9999451637268066,0.9999452829360962,0.003959659952670336,0.9995819926261902,True,43,True,source_045,gated,complete
False,True,True,semantics_preserving,True,True,False,True,True,True,False,True,,,-0.01683373935520649,0.1376388520002365,False,1.1920928955078125e-07,0.9999454021453857,0.9999452829360962,0.00502280006185174,1.001279354095459,True,43,True,source_045,gated,complete
False,True,True,destructive_upper,True,True,False,True,True,True,False,True,,,0.03375190496444702,0.1376388520002365,False,5.4836273193359375e-06,0.9999507665634155,0.9999452829360962,0.7067594528198242,5.198115348815918,True,43,True,source_045,gated,complete
False,True,True,random_direction,True,True,False,True,True,True,False,True,,,0.028913166373968124,0.1376388520002365,False,-1.1920928955078125e-07,0.9999451637268066,0.9999452829360962,0.003959659952670336,0.9995819926261902,True,43,True,source_045,gated,complete
False,True,True,random_method,True,True,False,True,True,True,False,True,,,0.022206749767065048,0.1376388520002365,False,-1.1920928955078125e-07,0.9999451637268066,0.9999452829360962,0.012293669395148754,1.0020034313201904,True,43,True,source_045,gated,complete
False,True,True,latent_cosine,True,True,False,True,True,True,False,True,,,0.025516726076602936,0.1367342174053192,False,7.62939453125e-05,0.9743016958236694,0.9742254018783569,0.0029000320937484503,0.9996837377548218,True,43,True,source_025,gated,complete
False,True,True,semantics_preserving,True,True,False,True,True,True,False,True,,,-0.008731811307370663,0.1367342174053192,False,0.00023949146270751953,0.9744648933410645,0.9742254018783569,0.003979527857154608,1.000677466392517,True,43,True,source_025,gated,complete
False,True,False,destructive_upper,True,False,False,True,True,True,False,True,,,0.0375225730240345,0.1367342174053192,False,0.018258988857269287,0.9924843907356262,0.9742254018783569,0.73975670337677,5.464799880981445,True,43,True,source_025,gated,complete
False,True,True,random_direction,True,True,False,True,True,True,False,True,,,0.025516726076602936,0.1367342174053192,False,7.62939453125e-05,0.9743016958236694,0.9742254018783569,0.0029000320937484503,0.9996837377548218,True,43,True,source_025,gated,complete
False,True,True,random_method,True,True,False,True,True,True,False,True,,,0.024474959820508957,0.1367342174053192,False,-6.073713302612305e-05,0.9741646647453308,0.9742254018783569,0.02796217054128647,1.0157805681228638,True,43,True,source_025,gated,complete
False,True,True,latent_cosine,True,True,False,True,True,True,False,True,,,0.14459577202796936,0.13703034818172455,False,-1.537799835205078e-05,0.9999265670776367,0.9999419450759888,0.20403528213500977,1.6692687273025513,True,43,True,source_030,gated,complete
False,True,True,semantics_preserving,True,True,False,True,True,True,False,True,,,0.018482249230146408,0.13703034818172455,False,-2.86102294921875e-06,0.9999390840530396,0.9999419450759888,0.21131421625614166,1.8223785161972046,True,43,True,source_030,gated,complete
False,True,True,destructive_upper,True,True,False,True,True,True,False,True,,,0.07450342178344727,0.13703034818172455,False,-2.586841583251953e-05,0.9999160766601562,0.9999419450759888,0.5345504283905029,3.9542694091796875,True,43,True,source_030,gated,complete
False,True,True,random_direction,True,True,False,True,True,True,False,True,,,0.018482249230146408,0.13703034818172455,False,-2.86102294921875e-06,0.9999390840530396,0.9999419450759888,0.21131421625614166,1.8223785161972046,True,43,True,source_030,gated,complete
False,True,True,random_method,True,True,False,True,True,True,False,True,,,0.08715976029634476,0.13703034818172455,False,-5.960464477539062e-07,0.999941349029541,0.9999419450759888,0.03262468799948692,1.0075621604919434,True,43,True,source_030,gated,complete
False,True,True,latent_cosine,True,True,False,True,True,True,False,True,,,0.1444886475801468,0.13702385127544403,False,-1.6927719116210938e-05,0.999920129776001,0.9999370574951172,0.20403528213500977,1.6694209575653076,True,43,True,source_063,gated,complete
False,True,True,semantics_preserving,True,True,False,True,True,True,False,True,,,0.018474863842129707,0.13702385127544403,False,-3.0994415283203125e-06,0.9999339580535889,0.9999370574951172,0.21131421625614166,1.8224456310272217,True,43,True,source_063,gated,complete
False,True,True,destructive_upper,True,True,False,True,True,True,False,True,,,0.07453278452157974,0.13702385127544403,False,-2.872943878173828e-05,0.9999083280563354,0.9999370574951172,0.5345504283905029,3.9544196128845215,True,43,True,source_063,gated,complete
False,True,True,random_direction,True,True,False,True,True,True,False,True,,,0.0498100146651268,0.13702385127544403,False,-1.3470649719238281e-05,0.999923586845398,0.9999370574951172,0.1838044375181198,1.6327080726623535,True,43,True,source_063,gated,complete
False,True,True,random_method,True,True,False,True,True,True,False,True,,,0.06826017796993256,0.13702385127544403,False,-1.1920928955078125e-07,0.9999369382858276,0.9999370574951172,0.2909274995326996,2.2843098640441895,True,43,True,source_063,gated,complete
False,True,True,latent_cosine,True,True,False,True,True,True,False,True,,,0.011168992146849632,0.13621439039707184,False,-0.002972245216369629,0.9604700207710266,0.9634422659873962,0.003416827181354165,1.0000344514846802,True,43,True,source_026,gated,complete
False,True,True,semantics_preserving,True,True,False,True,True,True,False,True,,,-0.030684692785143852,0.13621439039707184,False,0.0005318522453308105,0.963974118232727,0.9634422659873962,0.003726825350895524,1.0012130737304688,True,43,True,source_026,gated,complete
,,,destructive_upper,,,,,,,,,,constructor_excluded_from_destructive_upper_bound,,,,,,,,,,43,,source_026,,ineligible
False,True,True,random_direction,True,True,False,True,True,True,False,True,,,-0.030684692785143852,0.13621439039707184,False,0.0005318522453308105,0.963974118232727,0.9634422659873962,0.003726825350895524,1.0012130737304688,True,43,True,source_026,gated,complete
False,True,True,random_method,True,True,False,True,True,True,False,True,,,0.021312911063432693,0.13621439039707184,False,-1.2278556823730469e-05,0.9634299874305725,0.9634422659873962,0.021307937800884247,1.0088618993759155,True,43,True,source_026,gated,complete
False,True,True,latent_cosine,True,True,False,True,True,True,False,True,,,0.028913166373968124,0.1376388520002365,False,-1.1920928955078125e-07,0.9999451637268066,0.9999452829360962,0.003959659952670336,0.9995819926261902,True,43,True,source_064,gated,complete
False,True,True,semantics_preserving,True,True,False,True,True,True,False,True,,,-0.01683373935520649,0.1376388520002365,False,1.1920928955078125e-07,0.9999454021453857,0.9999452829360962,0.00502280006185174,1.001279354095459,True,43,True,source_064,gated,complete
False,True,True,destructive_upper,True,True,False,True,True,True,False,True,,,0.03375190496444702,0.1376388520002365,False,5.4836273193359375e-06,0.9999507665634155,0.9999452829360962,0.7067594528198242,5.198115348815918,True,43,True,source_064,gated,complete
False,True,True,random_direction,True,True,False,True,True,True,False,True,,,0.028913166373968124,0.1376388520002365,False,-1.1920928955078125e-07,0.9999451637268066,0.9999452829360962,0.003959659952670336,0.9995819926261902,True,43,True,source_064,gated,complete
False,True,True,random_method,True,True,False,True,True,True,False,True,,,0.015538673847913742,0.1376388520002365,False,-1.1920928955078125e-07,0.9999451637268066,0.9999452829360962,0.03915409371256828,1.0354140996932983,True,43,True,source_064,gated,complete
False,True,True,latent_cosine,True,True,False,True,True,True,False,True,,,0.14493225514888763,0.13706821203231812,False,-1.9669532775878906e-05,0.9999086856842041,0.99992835521698,0.20403528213500977,1.6686372756958008,True,43,True,source_074,gated,complete
False,True,True,semantics_preserving,True,True,False,True,True,True,False,True,,,0.018575070425868034,0.13706821203231812,False,-3.6954879760742188e-06,0.9999246597290039,0.99992835521698,0.21131421625614166,1.8219436407089233,True,43,True,source_074,gated,complete
False,True,True,destructive_upper,True,True,False,True,True,True,False,True,,,0.07437033951282501,0.13706821203231812,False,-3.325939178466797e-05,0.9998950958251953,0.99992835521698,0.5345504283905029,3.9533579349517822,True,43,True,source_074,gated,complete
False,True,True,random_direction,True,True,False,True,True,True,False,True,,,0.018575070425868034,0.13706821203231812,False,-3.6954879760742188e-06,0.9999246597290039,0.99992835521698,0.21131421625614166,1.8219436407089233,True,43,True,source_074,gated,complete
False,True,True,random_method,True,True,False,True,True,True,False,True,,,0.09834355860948563,0.13706821203231812,False,-2.384185791015625e-07,0.9999281167984009,0.99992835521698,0.041331976652145386,1.015686273574829,True,43,True,source_074,gated,complete
False,True,True,latent_cosine,True,True,False,True,True,True,False,True,,,0.08149438351392746,0.13552556931972504,False,-3.5762786865234375e-07,0.9999285936355591,0.9999289512634277,0.007898585870862007,0.9969441294670105,True,43,True,source_040,gated,complete
False,True,True,semantics_preserving,True,True,False,True,True,True,False,True,,,-0.026195896789431572,0.13552556931972504,False,2.384185791015625e-07,0.9999291896820068,0.9999289512634277,0.008654075674712658,1.0037046670913696,True,43,True,source_040,gated,complete
False,True,True,destructive_upper,True,True,False,True,True,True,False,True,,,0.006686645094305277,0.13552556931972504,False,-1.1324882507324219e-05,0.9999176263809204,0.9999289512634277,0.7196431756019592,5.396783828735352,True,43,True,source_040,gated,complete
False,True,True,random_direction,True,True,False,True,True,True,False,True,,,-0.017430266365408897,0.13552556931972504,False,-1.1920928955078125e-07,0.9999288320541382,0.9999289512634277,0.006315240636467934,1.0018962621688843,True,43,True,source_040,gated,complete
False,True,True,random_method,True,True,False,True,True,True,False,True,,,0.09587563574314117,0.13552556931972504,False,-7.152557373046875e-07,0.9999282360076904,0.9999289512634277,0.05060334876179695,1.0333536863327026,True,43,True,source_040,gated,complete
False,True,True,latent_cosine,True,True,False,True,True,True,False,True,,,0.028913166373968124,0.1376388520002365,False,-1.1920928955078125e-07,0.9999451637268066,0.9999452829360962,0.003959659952670336,0.9995819926261902,True,43,True,source_050,gated,complete
False,True,True,semantics_preserving,True,True,False,True,True,True,False,True,,,-0.01683373562991619,0.1376388520002365,False,1.1920928955078125e-07,0.9999454021453857,0.9999452829360962,0.00502280006185174,1.001279354095459,True,43,True,source_050,gated,complete
False,True,True,destructive_upper,True,True,False,True,True,True,False,True,,,0.03375190123915672,0.1376388520002365,False,5.4836273193359375e-06,0.9999507665634155,0.9999452829360962,0.7067594528198242,5.198115348815918,True,43,True,source_050,gated,complete
False,True,True,random_direction,True,True,False,True,True,True,False,True,,,0.026018019765615463,0.1376388520002365,False,-2.384185791015625e-07,0.9999450445175171,0.9999452829360962,0.0046486081555485725,0.9996915459632874,True,43,True,source_050,gated,complete
False,True,True,random_method,True,True,False,True,True,True,False,True,,,0.001815538969822228,0.1376388520002365,False,0.0,0.9999452829360962,0.9999452829360962,0.25718921422958374,2.1177361011505127,True,43,True,source_050,gated,complete
False,False,True,latent_cosine,False,False,False,True,True,False,False,True,,,0.04709799215197563,0.1363222748041153,False,-8.344650268554688e-06,0.9938963055610657,0.9939046502113342,0.024139603599905968,1.0073115825653076,True,43,False,source_011,gated,complete
False,False,True,semantics_preserving,False,False,False,True,True,False,False,True,,,-0.017427608370780945,0.1363222748041153,False,1.4126300811767578e-05,0.993918776512146,0.9939046502113342,0.026839401572942734,1.0225580930709839,True,43,False,source_011,gated,complete
False,False,False,destructive_upper,False,False,False,True,True,False,False,True,,,0.03299102559685707,0.1363222748041153,False,5.7816505432128906e-05,0.9939624667167664,0.9939046502113342,0.6793006658554077,5.049949645996094,True,43,False,source_011,gated,complete
False,False,True,random_direction,False,False,False,True,True,False,False,True,,,0.004246166907250881,0.1363222748041153,False,-2.1159648895263672e-05,0.993883490562439,0.9939046502113342,0.020185397937893867,1.010280966758728,True,43,False,source_011,gated,complete
False,False,True,random_method,False,False,False,True,True,False,False,True,,,0.012918260879814625,0.1363222748041153,False,-2.384185791015625e-07,0.9939044117927551,0.9939046502113342,0.4527313709259033,3.455934524536133,True,43,False,source_011,gated,complete
False,False,True,latent_cosine,False,False,False,True,True,False,False,True,,,0.04331135004758835,0.1369129717350006,False,-1.0670162737369537e-05,0.012167545035481453,0.012178215198218822,0.004607215523719788,0.9991084337234497,True,43,False,source_032,gated,complete
False,False,True,semantics_preserving,False,False,False,True,True,False,False,True,,,-0.03743584454059601,0.1369129717350006,False,7.725320756435394e-06,0.012185940518975258,0.012178215198218822,0.005142617970705032,1.002109408378601,True,43,False,source_032,gated,complete
False,False,True,destructive_upper,False,False,False,True,True,False,False,True,,,0.023029455915093422,0.1369129717350006,False,-0.0006517600268125534,0.011526455171406269,0.012178215198218822,0.7060444951057434,5.230291366577148,True,43,False,source_032,gated,complete
False,False,True,random_direction,False,False,False,True,True,False,False,True,,,-0.03743584454059601,0.1369129717350006,False,7.725320756435394e-06,0.012185940518975258,0.012178215198218822,0.005142617970705032,1.002109408378601,True,43,False,source_032,gated,complete
False,False,True,random_method,False,False,False,True,True,False,False,True,,,0.02686949633061886,0.1369129717350006,False,-3.626197576522827e-05,0.012141953222453594,0.012178215198218822,0.09932039678096771,1.2195332050323486,True,43,False,source_032,gated,complete
False,False,True,latent_cosine,False,False,False,True,True,False,False,True,,,0.04330330714583397,0.1369127482175827,False,0.0,0.0,0.0,0.004607215523719788,0.999108612537384,True,43,False,source_009,gated,complete
False,False,True,semantics_preserving,False,False,False,True,True,False,False,True,,,-0.037428177893161774,0.1369127482175827,False,0.0,0.0,0.0,0.005142617970705032,1.0021090507507324,True,43,False,source_009,gated,complete
False,False,True,destructive_upper,False,False,False,True,True,False,False,True,,,0.02304183505475521,0.1369127482175827,False,0.0,0.0,0.0,0.7060444951057434,5.230287551879883,True,43,False,source_009,gated,complete
False,False,True,random_direction,False,False,False,True,True,False,False,True,,,-0.037428177893161774,0.1369127482175827,False,0.0,0.0,0.0,0.005142617970705032,1.0021090507507324,True,43,False,source_009,gated,complete
False,False,True,random_method,False,False,False,True,True,False,False,True,,,0.029299702495336533,0.1369127482175827,False,0.0,0.0,0.0,0.051651716232299805,1.058403491973877,True,43,False,source_009,gated,complete
False,True,True,latent_cosine,True,True,False,True,True,True,False,True,,,0.028913166373968124,0.1376388520002365,False,-1.1920928955078125e-07,0.9999451637268066,0.9999452829360962,0.003959659952670336,0.9995819926261902,True,43,True,source_047,gated,complete
False,True,True,semantics_preserving,True,True,False,True,True,True,False,True,,,-0.01683373935520649,0.1376388520002365,False,1.1920928955078125e-07,0.9999454021453857,0.9999452829360962,0.00502280006185174,1.001279354095459,True,43,True,source_047,gated,complete
False,True,True,destructive_upper,True,True,False,True,True,True,False,True,,,0.03375190496444702,0.1376388520002365,False,5.4836273193359375e-06,0.9999507665634155,0.9999452829360962,0.7067594528198242,5.198115348815918,True,43,True,source_047,gated,complete
False,True,True,random_direction,True,True,False,True,True,True,False,True,,,-0.03860517218708992,0.1376388520002365,False,0.0,0.9999452829360962,0.9999452829360962,0.0032790680415928364,1.0012028217315674,True,43,True,source_047,gated,complete
False,True,True,random_method,True,True,False,True,True,True,False,True,,,0.02880180813372135,0.1376388520002365,False,-1.1920928955078125e-07,0.9999451637268066,0.9999452829360962,0.00929971318691969,1.0003366470336914,True,43,True,source_047,gated,complete
False,True,True,latent_cosine,True,True,False,True,True,True,False,True,,,0.14450989663600922,0.1370258629322052,False,-1.71661376953125e-05,0.999919056892395,0.9999362230300903,0.20403528213500977,1.6693845987319946,True,43,True,source_057,gated,complete
False,True,True,semantics_preserving,True,True,False,True,True,True,False,True,,,0.018483176827430725,0.1370258629322052,False,-3.2186508178710938e-06,0.9999330043792725,0.9999362230300903,0.21131421625614166,1.8224197626113892,True,43,True,source_057,gated,complete
False,True,True,destructive_upper,True,True,False,True,True,True,False,True,,,0.07452285289764404,0.1370258629322052,False,-2.9087066650390625e-05,0.9999071359634399,0.9999362230300903,0.5345504283905029,3.954373598098755,True,43,True,source_057,gated,complete
False,True,True,random_direction,True,True,False,True,True,True,False,True,,,0.08961890637874603,0.1370258629322052,False,-1.4185905456542969e-05,0.9999220371246338,0.9999362230300903,0.1813296228647232,1.5855588912963867,True,43,True,source_057,gated,complete
False,True,True,random_method,True,True,False,True,True,True,False,True,,,0.0903940349817276,0.1370258629322052,False,-1.1920928955078125e-07,0.9999361038208008,0.9999362230300903,0.10295510292053223,1.1952818632125854,True,43,True,source_057,gated,complete
False,False,True,latent_cosine,False,False,False,True,True,False,False,True,,,0.04331149533390999,0.13691319525241852,False,0.0,0.0,0.0,0.004607215523719788,0.9991084337234497,True,43,False,source_023,gated,complete
False,False,True,semantics_preserving,False,False,False,True,True,False,False,True,,,-0.03742600232362747,0.13691319525241852,False,0.0,0.0,0.0,0.005142617970705032,1.0021090507507324,True,43,False,source_023,gated,complete
False,False,True,destructive_upper,False,False,False,True,True,False,False,True,,,0.023033153265714645,0.13691319525241852,False,0.0,0.0,0.0,0.7060444951057434,5.230279445648193,True,43,False,source_023,gated,complete
False,False,True,random_direction,False,False,False,True,True,False,False,True,,,-0.03742600232362747,0.13691319525241852,False,0.0,0.0,0.0,0.005142617970705032,1.0021090507507324,True,43,False,source_023,gated,complete
False,False,True,random_method,False,False,False,True,True,False,False,True,,,0.03425348177552223,0.13691319525241852,False,0.0,0.0,0.0,0.2631343901157379,2.1358983516693115,True,43,False,source_023,gated,complete
False,True,True,latent_cosine,True,True,False,True,True,True,False,True,,,0.14461103081703186,0.1370321661233902,False,-1.537799835205078e-05,0.9999265670776367,0.9999419450759888,0.20403528213500977,1.6692391633987427,True,43,True,source_020,gated,complete
False,True,True,semantics_preserving,True,True,False,True,True,True,False,True,,,0.018489906564354897,0.1370321661233902,False,-2.86102294921875e-06,0.9999390840530396,0.9999419450759888,0.21131421625614166,1.8223546743392944,True,43,True,source_020,gated,complete
False,True,True,destructive_upper,True,True,False,True,True,True,False,True,,,0.07449416816234589,0.1370321661233902,False,-2.586841583251953e-05,0.9999160766601562,0.9999419450759888,0.5345504283905029,3.954228639602661,True,43,True,source_020,gated,complete
False,True,True,random_direction,True,True,False,True,True,True,False,True,,,0.018489906564354897,0.1370321661233902,False,-2.86102294921875e-06,0.9999390840530396,0.9999419450759888,0.21131421625614166,1.8223546743392944,True,43,True,source_020,gated,complete
False,True,True,random_method,True,True,False,True,True,True,False,True,,,0.09221641719341278,0.1370321661233902,False,-2.384185791015625e-06,0.9999395608901978,0.9999419450759888,0.1659439355134964,1.4977115392684937,True,43,True,source_020,gated,complete
False,True,True,latent_cosine,True,True,False,True,True,True,False,True,,,0.028913162648677826,0.1376388520002365,False,-1.1920928955078125e-07,0.9999451637268066,0.9999452829360962,0.003959659952670336,0.9995819926261902,True,43,True,source_034,gated,complete
False,True,True,semantics_preserving,True,True,False,True,True,True,False,True,,,-0.01683373749256134,0.1376388520002365,False,1.1920928955078125e-07,0.9999454021453857,0.9999452829360962,0.00502280006185174,1.001279354095459,True,43,True,source_034,gated,complete
False,True,True,destructive_upper,True,True,False,True,True,True,False,True,,,0.03375190496444702,0.1376388520002365,False,5.4836273193359375e-06,0.9999507665634155,0.9999452829360962,0.7067594528198242,5.198115348815918,True,43,True,source_034,gated,complete
False,True,True,random_direction,True,True,False,True,True,True,False,True,,,0.028913162648677826,0.1376388520002365,False,-1.1920928955078125e-07,0.9999451637268066,0.9999452829360962,0.003959659952670336,0.9995819926261902,True,43,True,source_034,gated,complete
False,True,True,random_method,True,True,False,True,True,True,False,True,,,0.024297311902046204,0.1376388520002365,False,0.0,0.9999452829360962,0.9999452829360962,0.2613692581653595,2.124554395675659,True,43,True,source_034,gated,complete
False,True,True,latent_cosine,True,True,False,True,True,True,False,True,,,0.08149438351392746,0.13552556931972504,False,-3.5762786865234375e-07,0.9999285936355591,0.9999289512634277,0.007898585870862007,0.9969441294670105,True,43,True,source_041,gated,complete
False,True,True,semantics_preserving,True,True,False,True,True,True,False,True,,,-0.026195893064141273,0.13552556931972504,False,2.384185791015625e-07,0.9999291896820068,0.9999289512634277,0.008654075674712658,1.0037046670913696,True,43,True,source_041,gated,complete
False,True,True,destructive_upper,True,True,False,True,True,True,False,True,,,0.006686645094305277,0.13552556931972504,False,-1.1324882507324219e-05,0.9999176263809204,0.9999289512634277,0.7196431756019592,5.396783828735352,True,43,True,source_041,gated,complete
False,True,True,random_direction,True,True,False,True,True,True,False,True,,,-0.026195893064141273,0.13552556931972504,False,2.384185791015625e-07,0.9999291896820068,0.9999289512634277,0.008654075674712658,1.0037046670913696,True,43,True,source_041,gated,complete
False,True,True,random_method,True,True,False,True,True,True,False,True,,,0.0699254497885704,0.13552556931972504,False,-2.384185791015625e-07,0.9999287128448486,0.9999289512634277,0.1141161173582077,1.2614476680755615,True,43,True,source_041,gated,complete
,,,latent_cosine,,,,,,,,,invalid_source_apk_zip,,,,,,,,,,,43,,source_016,scored,failed
,,,semantics_preserving,,,,,,,,,invalid_source_apk_zip,,,,,,,,,,,43,,source_016,scored,failed
,,,destructive_upper,,,,,,,,,invalid_source_apk_zip,,,,,,,,,,,43,,source_016,scored,failed
,,,random_direction,,,,,,,,,invalid_source_apk_zip,,,,,,,,,,,43,,source_016,scored,failed
,,,random_method,,,,,,,,,invalid_source_apk_zip,,,,,,,,,,,43,,source_016,scored,failed
False,False,True,latent_cosine,False,False,False,True,True,False,False,True,,,0.0433056578040123,0.13691303133964539,False,-0.0001925826072692871,0.8568997979164124,0.8570923805236816,0.004607215523719788,0.9991084933280945,True,43,False,source_002,gated,complete
False,False,True,semantics_preserving,False,False,False,True,True,False,False,True,,,-0.03741757199168205,0.13691303133964539,False,0.00014072656631469727,0.8572331070899963,0.8570923805236816,0.005142617970705032,1.0021086931228638,True,43,False,source_002,gated,complete
False,False,True,destructive_upper,False,False,False,True,True,False,False,True,,,0.023042060434818268,0.13691303133964539,False,-0.013734996318817139,0.8433573842048645,0.8570923805236816,0.7060444951057434,5.230277061462402,True,43,False,source_002,gated,complete
False,False,True,random_direction,False,False,False,True,True,False,False,True,,,0.014253498055040836,0.13691303133964539,False,-0.0002219676971435547,0.8568704128265381,0.8570923805236816,0.003903401782736182,1.0000001192092896,True,43,False,source_002,gated,complete
False,False,True,random_method,False,False,False,True,True,False,False,True,,,0.03870885446667671,0.13691303133964539,False,7.224082946777344e-05,0.8571646213531494,0.8570923805236816,0.012574898079037666,1.0006623268127441,True,43,False,source_002,gated,complete
False,True,True,latent_cosine,True,True,False,True,True,True,False,True,,,0.060324717313051224,0.13650019466876984,False,-3.337860107421875e-06,0.9999386072158813,0.9999419450759888,0.006013000383973122,0.9983114004135132,True,43,True,source_056,gated,complete
False,True,True,semantics_preserving,True,True,False,True,True,True,False,True,,,-0.01223432645201683,0.13650019466876984,False,1.0728836059570312e-06,0.9999430179595947,0.9999419450759888,0.00655018724501133,1.0017368793487549,True,43,True,source_056,gated,complete
False,True,False,destructive_upper,True,False,False,True,True,True,False,True,,,0.040802519768476486,0.13650019466876984,False,-0.006824851036071777,0.993117094039917,0.9999419450759888,0.7104515433311462,5.259738445281982,True,43,True,source_056,gated,complete
False,True,True,random_direction,True,True,False,True,True,True,False,True,,,-0.01223432645201683,0.13650019466876984,False,1.0728836059570312e-06,0.9999430179595947,0.9999419450759888,0.00655018724501133,1.0017368793487549,True,43,True,source_056,gated,complete
False,True,True,random_method,True,True,False,True,True,True,False,True,,,0.04134413227438927,0.13650019466876984,False,-3.5762786865234375e-07,0.9999415874481201,0.9999419450759888,0.02901856228709221,1.0137138366699219,True,43,True,source_056,gated,complete
False,True,True,latent_cosine,True,True,False,True,True,True,False,True,,,0.08567163348197937,0.1373213529586792,False,-2.7418136596679688e-06,0.9999884366989136,0.9999911785125732,0.20355373620986938,1.7155985832214355,True,43,True,source_027,gated,complete
False,True,True,semantics_preserving,True,True,False,True,True,True,False,True,,,0.024020448327064514,0.1373213529586792,False,-3.5762786865234375e-07,0.9999908208847046,0.9999911785125732,0.20944815874099731,1.8036314249038696,True,43,True,source_027,gated,complete
False,True,True,destructive_upper,True,True,False,True,True,True,False,True,,,0.0710592195391655,0.1373213529586792,False,-5.0067901611328125e-06,0.9999861717224121,0.9999911785125732,0.5364378094673157,3.9629666805267334,True,43,True,source_027,gated,complete
False,True,True,random_direction,True,True,False,True,True,True,False,True,,,0.04502794146537781,0.1373213529586792,False,-2.1457672119140625e-06,0.9999890327453613,0.9999911785125732,0.18266893923282623,1.627794861793518,True,43,True,source_027,gated,complete
False,True,True,random_method,True,True,False,True,True,True,False,True,,,0.015837326645851135,0.1373213529586792,False,0.0,0.9999911785125732,0.9999911785125732,0.2928833067417145,2.3412418365478516,True,43,True,source_027,gated,complete
False,False,True,latent_cosine,False,False,False,True,True,False,False,True,,,0.05884973704814911,0.13731414079666138,False,-1.501990482211113e-06,0.0011179120047017932,0.0011194139951840043,0.0037051853723824024,0.9987753629684448,True,43,False,source_070,gated,complete
False,False,True,semantics_preserving,False,False,False,True,True,False,False,True,,,0.027498066425323486,0.13731414079666138,False,9.798677638173103e-07,0.0011203938629478216,0.0011194139951840043,0.003967867698520422,0.9996228814125061,True,43,False,source_070,gated,complete
False,False,True,destructive_upper,False,False,False,True,True,False,False,True,,,0.025744391605257988,0.13731414079666138,False,0.0005043899873271585,0.0016238039825111628,0.0011194139951840043,0.7139726281166077,5.269503593444824,True,43,False,source_070,gated,complete
False,False,True,random_direction,False,False,False,True,True,False,False,True,,,0.027498066425323486,0.13731414079666138,False,9.798677638173103e-07,0.0011203938629478216,0.0011194139951840043,0.003967867698520422,0.9996228814125061,True,43,False,source_070,gated,complete
False,False,True,random_method,False,False,False,True,True,False,False,True,,,0.002194153843447566,0.13731414079666138,False,1.6284175217151642e-06,0.0011210424127057195,0.0011194139951840043,0.10067153722047806,1.2386637926101685,True,43,False,source_070,gated,complete
,,,latent_cosine,,,,,,,,,,attacked_method_has_no_code,,,,,,,,,,43,,source_001,,ineligible
,,,semantics_preserving,,,,,,,,,,attacked_method_has_no_code,,,,,,,,,,43,,source_001,,ineligible
,,,destructive_upper,,,,,,,,,,attacked_method_has_no_code,,,,,,,,,,43,,source_001,,ineligible
,,,random_direction,,,,,,,,,,attacked_method_has_no_code,,,,,,,,,,43,,source_001,,ineligible
,,,random_method,,,,,,,,,,attacked_method_has_no_code,,,,,,,,,,43,,source_001,,ineligible
False,True,True,latent_cosine,True,True,False,True,True,True,False,True,,,0.14459174871444702,0.13702985644340515,False,-1.537799835205078e-05,0.9999265670776367,0.9999419450759888,0.20403528213500977,1.669276475906372,True,43,True,source_058,gated,complete
False,True,True,semantics_preserving,True,True,False,True,True,True,False,True,,,0.018479572609066963,0.13702985644340515,False,-2.86102294921875e-06,0.9999390840530396,0.9999419450759888,0.21131421625614166,1.8223851919174194,True,43,True,source_058,gated,complete
False,True,True,destructive_upper,True,True,False,True,True,True,False,True,,,0.07450586557388306,0.13702985644340515,False,-2.586841583251953e-05,0.9999160766601562,0.9999419450759888,0.5345504283905029,3.9542806148529053,True,43,True,source_058,gated,complete
False,True,True,random_direction,True,True,False,True,True,True,False,True,,,0.018479572609066963,0.13702985644340515,False,-2.86102294921875e-06,0.9999390840530396,0.9999419450759888,0.21131421625614166,1.8223851919174194,True,43,True,source_058,gated,complete
False,True,True,random_method,True,True,False,True,True,True,False,True,,,0.08655401319265366,0.13702985644340515,False,-2.384185791015625e-07,0.9999417066574097,0.9999419450759888,0.2822554111480713,2.2104854583740234,True,43,True,source_058,gated,complete
False,True,True,latent_cosine,True,True,False,True,True,True,False,True,,,0.04681966081261635,0.1366000920534134,False,-0.0001730024814605713,0.13741782307624817,0.13759082555770874,0.004478823859244585,0.9990019798278809,True,43,True,source_005,gated,complete
False,True,True,semantics_preserving,True,True,False,True,True,True,False,True,,,0.0004844767681788653,0.1366000920534134,False,4.121661186218262e-05,0.13763204216957092,0.13759082555770874,0.005862307269126177,1.0008997917175293,True,43,True,source_005,gated,complete
False,True,True,destructive_upper,True,True,False,True,True,True,False,True,,,0.04665069282054901,0.1366000920534134,False,-0.0013740211725234985,0.13621680438518524,0.13759082555770874,0.7285780906677246,5.380545139312744,True,43,True,source_005,gated,complete
False,True,True,random_direction,True,True,False,True,True,True,False,True,,,0.04681966081261635,0.1366000920534134,False,-0.0001730024814605713,0.13741782307624817,0.13759082555770874,0.004478823859244585,0.9990019798278809,True,43,True,source_005,gated,complete
False,True,True,random_method,True,True,False,True,True,True,False,True,,,-0.0041285124607384205,0.1366000920534134,False,-1.6689300537109375e-06,0.13758915662765503,0.13759082555770874,0.07923402637243271,1.1581192016601562,True,43,True,source_005,gated,complete
False,True,True,latent_cosine,True,True,False,True,True,True,False,True,,,0.14460450410842896,0.1370314657688141,False,-1.537799835205078e-05,0.9999265670776367,0.9999419450759888,0.20403528213500977,1.6692512035369873,True,43,True,source_069,gated,complete
False,True,True,semantics_preserving,True,True,False,True,True,True,False,True,,,0.018488315865397453,0.1370314657688141,False,-2.86102294921875e-06,0.9999390840530396,0.9999419450759888,0.21131421625614166,1.8223627805709839,True,43,True,source_069,gated,complete
False,True,True,destructive_upper,True,True,False,True,True,True,False,True,,,0.07449793070554733,0.1370314657688141,False,-2.586841583251953e-05,0.9999160766601562,0.9999419450759888,0.5345504283905029,3.9542441368103027,True,43,True,source_069,gated,complete
False,True,True,random_direction,True,True,False,True,True,True,False,True,,,0.04979771748185158,0.1370314657688141,False,-1.2159347534179688e-05,0.9999297857284546,0.9999419450759888,0.1838044375181198,1.6326593160629272,True,43,True,source_069,gated,complete
False,True,True,random_method,True,True,False,True,True,True,False,True,,,0.10788280516862869,0.1370314657688141,False,-1.1920928955078125e-07,0.9999418258666992,0.9999419450759888,0.007636142894625664,0.995530903339386,True,43,True,source_069,gated,complete
,,,latent_cosine,,,,,,,,,,attacked_method_has_no_code,,,,,,,,,,43,,source_004,,ineligible
,,,semantics_preserving,,,,,,,,,,attacked_method_has_no_code,,,,,,,,,,43,,source_004,,ineligible
,,,destructive_upper,,,,,,,,,,attacked_method_has_no_code,,,,,,,,,,43,,source_004,,ineligible
,,,random_direction,,,,,,,,,,attacked_method_has_no_code,,,,,,,,,,43,,source_004,,ineligible
,,,random_method,,,,,,,,,,attacked_method_has_no_code,,,,,,,,,,43,,source_004,,ineligible
False,True,True,latent_cosine,True,True,False,True,True,True,False,True,,,-0.00494269048795104,0.13755905628204346,False,0.0,1.0,1.0,0.003645064076408744,1.0004819631576538,True,43,True,source_055,gated,complete
False,True,True,semantics_preserving,True,True,False,True,True,True,False,True,,,-0.03424931690096855,0.13755905628204346,False,0.0,1.0,1.0,0.0038321036845445633,1.0013413429260254,True,43,True,source_055,gated,complete
,,,destructive_upper,,,,,,,,,,constructor_excluded_from_destructive_upper_bound,,,,,,,,,,43,,source_055,,ineligible
False,True,True,random_direction,True,True,False,True,True,True,False,True,,,-0.00494269048795104,0.13755905628204346,False,0.0,1.0,1.0,0.003645064076408744,1.0004819631576538,True,43,True,source_055,gated,complete
False,True,True,random_method,True,True,False,True,True,True,False,True,,,0.03772316128015518,0.13755905628204346,False,0.0,1.0,1.0,0.06560685485601425,1.0915515422821045,True,43,True,source_055,gated,complete
False,True,True,latent_cosine,True,True,False,True,True,True,False,True,,,0.14460474252700806,0.13703152537345886,False,-1.537799835205078e-05,0.9999265670776367,0.9999419450759888,0.20403528213500977,1.6692503690719604,True,43,True,source_046,gated,complete
False,True,True,semantics_preserving,True,True,False,True,True,True,False,True,,,0.018488604575395584,0.13703152537345886,False,-2.86102294921875e-06,0.9999390840530396,0.9999419450759888,0.21131421625614166,1.822361946105957,True,43,True,source_046,gated,complete
False,True,True,destructive_upper,True,True,False,True,True,True,False,True,,,0.07449765503406525,0.13703152537345886,False,-2.586841583251953e-05,0.9999160766601562,0.9999419450759888,0.5345504283905029,3.9542429447174072,True,43,True,source_046,gated,complete
False,True,True,random_direction,True,True,False,True,True,True,False,True,,,0.14460474252700806,0.13703152537345886,False,-1.537799835205078e-05,0.9999265670776367,0.9999419450759888,0.20403528213500977,1.6692503690719604,True,43,True,source_046,gated,complete
False,True,True,random_method,True,True,False,True,True,True,False,True,,,0.0871657282114029,0.13703152537345886,False,-5.960464477539062e-07,0.999941349029541,0.9999419450759888,0.03262468799948692,1.0075603723526,True,43,True,source_046,gated,complete
False,False,True,latent_cosine,False,False,False,True,True,False,False,True,,,0.0470871776342392,0.1363217830657959,False,-8.344650268554688e-06,0.9938963055610657,0.9939046502113342,0.024139603599905968,1.0073134899139404,True,43,False,source_066,gated,complete
False,False,True,semantics_preserving,False,False,False,True,True,False,False,True,,,-0.01742599904537201,0.1363217830657959,False,1.4126300811767578e-05,0.993918776512146,0.9939046502113342,0.026839401572942734,1.0225579738616943,True,43,False,source_066,gated,complete
False,False,False,destructive_upper,False,False,False,True,True,False,False,True,,,0.03296913206577301,0.1363217830657959,False,5.7816505432128906e-05,0.9939624667167664,0.9939046502113342,0.6793006658554077,5.049989223480225,True,43,False,source_066,gated,complete
False,False,True,random_direction,False,False,False,True,True,False,False,True,,,-0.01742599904537201,0.1363217830657959,False,1.4126300811767578e-05,0.993918776512146,0.9939046502113342,0.026839401572942734,1.0225579738616943,True,43,False,source_066,gated,complete
False,False,True,random_method,False,False,False,True,True,False,False,True,,,0.04007977247238159,0.1363217830657959,False,-1.5497207641601562e-06,0.9939031004905701,0.9939046502113342,0.15498951077461243,1.4837430715560913,True,43,False,source_066,gated,complete
False,False,True,latent_cosine,False,False,False,True,True,False,False,True,,,0.05884973704814911,0.13731414079666138,False,-1.5132827684283257e-06,0.0011268369853496552,0.0011283502681180835,0.0037051853723824024,0.9987753629684448,True,43,False,source_024,gated,complete
False,False,True,semantics_preserving,False,False,False,True,True,False,False,True,,,0.027498068287968636,0.13731414079666138,False,9.883660823106766e-07,0.0011293386342003942,0.0011283502681180835,0.003967867698520422,0.9996228814125061,True,43,False,source_024,gated,complete
False,False,True,destructive_upper,False,False,False,True,True,False,False,True,,,0.02574438787996769,0.13731414079666138,False,0.0005085979355499148,0.0016369482036679983,0.0011283502681180835,0.7139726281166077,5.269503593444824,True,43,False,source_024,gated,complete
False,False,True,random_direction,False,False,False,True,True,False,False,True,,,0.019538037478923798,0.13731414079666138,False,2.66125425696373e-07,0.0011286163935437799,0.0011283502681180835,0.0031943300273269415,0.9998160600662231,True,43,False,source_024,gated,complete
False,False,True,random_method,False,False,False,True,True,False,False,True,,,0.030005982145667076,0.13731414079666138,False,-9.66247171163559e-09,0.0011283406056463718,0.0011283502681180835,0.005273793358355761,0.9995850324630737,True,43,False,source_024,gated,complete
False,True,True,latent_cosine,True,True,False,True,True,True,False,True,,,0.14460550248622894,0.13703151047229767,False,-1.537799835205078e-05,0.9999265670776367,0.9999419450759888,0.20403528213500977,1.6692497730255127,True,43,True,source_028,gated,complete
False,True,True,semantics_preserving,True,True,False,True,True,True,False,True,,,0.01848728395998478,0.13703151047229767,False,-2.86102294921875e-06,0.9999390840530396,0.9999419450759888,0.21131421625614166,1.8223631381988525,True,43,True,source_028,gated,complete
False,True,True,destructive_upper,True,True,False,True,True,True,False,True,,,0.07449756562709808,0.13703151047229767,False,-2.586841583251953e-05,0.9999160766601562,0.9999419450759888,0.5345504283905029,3.9542431831359863,True,43,True,source_028,gated,complete
False,True,True,random_direction,True,True,False,True,True,True,False,True,,,0.049797769635915756,0.13703151047229767,False,-1.2159347534179688e-05,0.9999297857284546,0.9999419450759888,0.1838044375181198,1.632658839225769,True,43,True,source_028,gated,complete
False,True,True,random_method,True,True,False,True,True,True,False,True,,,0.10960443317890167,0.13703151047229767,False,-2.384185791015625e-07,0.9999417066574097,0.9999419450759888,0.013071981258690357,0.9940767884254456,True,43,True,source_028,gated,complete
False,True,True,latent_cosine,True,True,False,True,True,True,False,True,,,0.14460748434066772,0.13703179359436035,False,-1.6689300537109375e-05,0.9999191761016846,0.9999358654022217,0.20403528213500977,1.6692454814910889,True,43,True,source_068,gated,complete
False,True,True,semantics_preserving,True,True,False,True,True,True,False,True,,,0.018488924950361252,0.13703179359436035,False,-3.0994415283203125e-06,0.9999327659606934,0.9999358654022217,0.21131421625614166,1.8223590850830078,True,43,True,source_068,gated,complete
False,True,True,destructive_upper,True,True,False,True,True,True,False,True,,,0.07449561357498169,0.13703179359436035,False,-2.872943878173828e-05,0.9999071359634399,0.9999358654022217,0.5345504283905029,3.954237222671509,True,43,True,source_068,gated,complete
False,True,True,random_direction,True,True,False,True,True,True,False,True,,,0.08970164507627487,0.13703179359436035,False,-1.3589859008789062e-05,0.9999222755432129,0.9999358654022217,0.1813296228647232,1.5854452848434448,True,43,True,source_068,gated,complete
False,True,True,random_method,True,True,False,True,True,True,False,True,,,0.07579109817743301,0.13703179359436035,False,-1.1920928955078125e-07,0.9999357461929321,0.9999358654022217,0.2877230942249298,2.2561886310577393,True,43,True,source_068,gated,complete
False,False,True,latent_cosine,False,False,False,True,True,False,False,True,,,0.05884973332285881,0.13731414079666138,False,-1.5132827684283257e-06,0.0011268369853496552,0.0011283502681180835,0.0037051853723824024,0.9987753629684448,True,43,False,source_007,gated,complete
False,False,True,semantics_preserving,False,False,False,True,True,False,False,True,,,0.027498068287968636,0.13731414079666138,False,9.883660823106766e-07,0.0011293386342003942,0.0011283502681180835,0.003967867698520422,0.9996228814125061,True,43,False,source_007,gated,complete
False,False,True,destructive_upper,False,False,False,True,True,False,False,True,,,0.02574438974261284,0.13731414079666138,False,0.0005085979355499148,0.0016369482036679983,0.0011283502681180835,0.7139726281166077,5.269503593444824,True,43,False,source_007,gated,complete
False,False,True,random_direction,False,False,False,True,True,False,False,True,,,0.027498068287968636,0.13731414079666138,False,9.883660823106766e-07,0.0011293386342003942,0.0011283502681180835,0.003967867698520422,0.9996228814125061,True,43,False,source_007,gated,complete
False,False,True,random_method,False,False,False,True,True,False,False,True,,,0.013452131301164627,0.13731414079666138,False,-5.8906152844429016e-08,0.001128291361965239,0.0011283502681180835,0.02763568051159382,1.017393946647644,True,43,False,source_007,gated,complete
False,True,True,latent_cosine,True,True,False,True,True,True,False,True,,,0.1446150690317154,0.13703274726867676,False,-1.6689300537109375e-05,0.9999194145202637,0.9999361038208008,0.20403528213500977,1.6692304611206055,True,43,True,source_013,gated,complete
False,True,True,semantics_preserving,True,True,False,True,True,True,False,True,,,0.01849357970058918,0.13703274726867676,False,-3.2186508178710938e-06,0.9999328851699829,0.9999361038208008,0.21131421625614166,1.8223462104797363,True,43,True,source_013,gated,complete
False,True,True,destructive_upper,True,True,False,True,True,True,False,True,,,0.07449101656675339,0.13703274726867676,False,-2.872943878173828e-05,0.999907374382019,0.9999361038208008,0.5345504283905029,3.9542155265808105,True,43,True,source_013,gated,complete
False,True,True,random_direction,True,True,False,True,True,True,False,True,,,0.04979647323489189,0.13703274726867676,False,-1.3232231140136719e-05,0.9999228715896606,0.9999361038208008,0.1838044375181198,1.632650375366211,True,43,True,source_013,gated,complete
False,True,True,random_method,True,True,False,True,True,True,False,True,,,0.08059538900852203,0.13703274726867676,False,0.0,0.9999361038208008,0.9999361038208008,0.11197155714035034,1.239340901374817,True,43,True,source_013,gated,complete
False,True,True,latent_cosine,True,True,False,True,True,True,False,True,,,0.1446121633052826,0.13703244924545288,False,-1.537799835205078e-05,0.9999265670776367,0.9999419450759888,0.20403528213500977,1.6692355871200562,True,43,True,source_060,gated,complete
False,True,True,semantics_preserving,True,True,False,True,True,True,False,True,,,0.018493475392460823,0.13703244924545288,False,-2.86102294921875e-06,0.9999390840530396,0.9999419450759888,0.21131421625614166,1.822348952293396,True,43,True,source_060,gated,complete
False,True,True,destructive_upper,True,True,False,True,True,True,False,True,,,0.07449272274971008,0.13703244924545288,False,-2.586841583251953e-05,0.9999160766601562,0.9999419450759888,0.5345504283905029,3.9542222023010254,True,43,True,source_060,gated,complete
False,True,True,random_direction,True,True,False,True,True,True,False,True,,,0.1446121633052826,0.13703244924545288,False,-1.537799835205078e-05,0.9999265670776367,0.9999419450759888,0.20403528213500977,1.6692355871200562,True,43,True,source_060,gated,complete
False,True,True,random_method,True,True,False,True,True,True,False,True,,,0.07212546467781067,0.13703244924545288,False,-1.1920928955078125e-07,0.9999418258666992,0.9999419450759888,0.0807669535279274,1.123552918434143,True,43,True,source_060,gated,complete
False,True,True,latent_cosine,True,True,False,True,True,True,False,True,,,0.14485639333724976,0.13699395954608917,False,-2.8848648071289062e-05,0.9998422861099243,0.9998711347579956,0.20403528213500977,1.6693546772003174,True,43,True,source_043,gated,complete
False,True,True,semantics_preserving,True,True,False,True,True,True,False,True,,,0.01770835556089878,0.13699395954608917,False,-5.245208740234375e-06,0.9998658895492554,0.9998711347579956,0.21131421625614166,1.8233755826950073,True,43,True,source_043,gated,complete
False,True,True,destructive_upper,True,True,False,True,True,True,False,True,,,0.07512065023183823,0.13699395954608917,False,-4.786252975463867e-05,0.999823272228241,0.9998711347579956,0.5345504283905029,3.9546632766723633,True,43,True,source_043,gated,complete
False,True,True,random_direction,True,True,False,True,True,True,False,True,,,0.050161778926849365,0.13699395954608917,False,-2.300739288330078e-05,0.9998481273651123,0.9998711347579956,0.1838044375181198,1.6326507329940796,True,43,True,source_043,gated,complete
False,True,True,random_method,True,True,False,True,True,True,False,True,,,0.10380618274211884,0.13699395954608917,False,4.76837158203125e-07,0.9998716115951538,0.9998711347579956,0.11226372420787811,1.2253214120864868,True,43,True,source_043,gated,complete
,,,latent_cosine,,,,,,,,,,attacked_method_has_no_code,,,,,,,,,,43,,source_006,,ineligible
,,,semantics_preserving,,,,,,,,,,attacked_method_has_no_code,,,,,,,,,,43,,source_006,,ineligible
,,,destructive_upper,,,,,,,,,,attacked_method_has_no_code,,,,,,,,,,43,,source_006,,ineligible
,,,random_direction,,,,,,,,,,attacked_method_has_no_code,,,,,,,,,,43,,source_006,,ineligible
,,,random_method,,,,,,,,,,attacked_method_has_no_code,,,,,,,,,,43,,source_006,,ineligible
False,True,True,latent_cosine,True,True,False,True,True,True,False,True,,,0.14591270685195923,0.13728944957256317,False,-1.4662742614746094e-05,0.9999443292617798,0.9999589920043945,0.20403528213500977,1.6658318042755127,True,43,True,source_062,gated,complete
False,True,True,semantics_preserving,True,True,False,True,True,True,False,True,,,0.01719827577471733,0.13728944957256317,False,-2.86102294921875e-06,0.9999561309814453,0.9999589920043945,0.21131421625614166,1.8210314512252808,True,43,True,source_062,gated,complete
False,True,True,destructive_upper,True,True,False,True,True,True,False,True,,,0.07522095739841461,0.13728944957256317,False,-2.6702880859375e-05,0.9999322891235352,0.9999589920043945,0.5345504283905029,3.9464375972747803,True,43,True,source_062,gated,complete
False,True,True,random_direction,True,True,False,True,True,True,False,True,,,0.09152058511972427,0.13728944957256317,False,-1.1920928955078125e-05,0.9999470710754395,0.9999589920043945,0.1813296228647232,1.5819958448410034,True,43,True,source_062,gated,complete
False,True,True,random_method,True,True,False,True,True,True,False,True,,,0.08141745626926422,0.13728944957256317,False,-1.1920928955078125e-07,0.999958872795105,0.9999589920043945,0.16721250116825104,1.5116517543792725,True,43,True,source_062,gated,complete
False,True,True,latent_cosine,True,True,False,True,True,True,False,True,,,0.14460332691669464,0.13703122735023499,False,-1.537799835205078e-05,0.9999265670776367,0.9999419450759888,0.20403528213500977,1.669254183769226,True,43,True,source_048,gated,complete
False,True,True,semantics_preserving,True,True,False,True,True,True,False,True,,,0.018485698848962784,0.13703122735023499,False,-2.86102294921875e-06,0.9999390840530396,0.9999419450759888,0.21131421625614166,1.8223671913146973,True,43,True,source_048,gated,complete
False,True,True,destructive_upper,True,True,False,True,True,True,False,True,,,0.07449884712696075,0.13703122735023499,False,-2.586841583251953e-05,0.9999160766601562,0.9999419450759888,0.5345504283905029,3.954249620437622,True,43,True,source_048,gated,complete
False,True,True,random_direction,True,True,False,True,True,True,False,True,,,0.08969739079475403,0.13703122735023499,False,-1.2636184692382812e-05,0.9999293088912964,0.9999419450759888,0.1813296228647232,1.5854531526565552,True,43,True,source_048,gated,complete
False,True,True,random_method,True,True,False,True,True,True,False,True,,,0.11135917901992798,0.13703122735023499,False,-7.152557373046875e-07,0.9999412298202515,0.9999419450759888,0.1214154064655304,1.2600525617599487,True,43,True,source_048,gated,complete
False,True,True,latent_cosine,True,True,False,True,True,True,False,True,,,0.1446051001548767,0.1370314210653305,False,-1.537799835205078e-05,0.9999265670776367,0.9999419450759888,0.20403528213500977,1.6692509651184082,True,43,True,source_042,gated,complete
False,True,True,semantics_preserving,True,True,False,True,True,True,False,True,,,0.018486062064766884,0.1370314210653305,False,-2.86102294921875e-06,0.9999390840530396,0.9999419450759888,0.21131421625614166,1.8223650455474854,True,43,True,source_042,gated,complete
False,True,True,destructive_upper,True,True,False,True,True,True,False,True,,,0.07449771463871002,0.1370314210653305,False,-2.586841583251953e-05,0.9999160766601562,0.9999419450759888,0.5345504283905029,3.9542453289031982,True,43,True,source_042,gated,complete
False,True,True,random_direction,True,True,False,True,True,True,False,True,,,0.1446051001548767,0.1370314210653305,False,-1.537799835205078e-05,0.9999265670776367,0.9999419450759888,0.20403528213500977,1.6692509651184082,True,43,True,source_042,gated,complete
False,True,True,random_method,True,True,False,True,True,True,False,True,,,0.1244189441204071,0.1370314210653305,False,0.0,0.9999419450759888,0.9999419450759888,0.2713930606842041,2.104666233062744,True,43,True,source_042,gated,complete
False,True,True,latent_cosine,True,True,False,True,True,True,False,True,,,0.05884973704814911,0.13731414079666138,False,-0.0003199577331542969,0.9328641295433044,0.9331840872764587,0.0037051853723824024,0.9987753629684448,True,43,True,source_010,gated,complete
False,True,True,semantics_preserving,True,True,False,True,True,True,False,True,,,0.027498068287968636,0.13731414079666138,False,3.135204315185547e-05,0.9332154393196106,0.9331840872764587,0.003967867698520422,0.9996228814125061,True,43,True,source_010,gated,complete
False,True,True,destructive_upper,True,True,False,True,True,True,False,True,,,0.02574438974261284,0.13731414079666138,False,-0.00647968053817749,0.9267044067382812,0.9331840872764587,0.7139726281166077,5.269503593444824,True,43,True,source_010,gated,complete
,,,random_direction,,,,,,,,,materialization_invalid_register,,,,,,,,,,,43,,source_010,,failed
False,True,True,random_method,True,True,False,True,True,True,False,True,,,0.01000752579420805,0.13731414079666138,False,-5.364418029785156e-07,0.9331835508346558,0.9331840872764587,0.2808891236782074,2.2679319381713867,True,43,True,source_010,gated,complete
False,True,True,latent_cosine,True,True,False,True,True,True,False,True,,,0.08699142932891846,0.13552650809288025,False,-3.0994415283203125e-06,0.9993035793304443,0.9993066787719727,0.007898585870862007,0.9966227412223816,True,43,True,source_038,gated,complete
False,True,True,semantics_preserving,True,True,False,True,True,True,False,True,,,-0.027888286858797073,0.13552650809288025,False,2.1457672119140625e-06,0.9993088245391846,0.9993066787719727,0.008654075674712658,1.003812313079834,True,43,True,source_038,gated,complete
False,True,True,destructive_upper,True,True,False,True,True,True,False,True,,,0.0020412157755345106,0.13552650809288025,False,-0.00011366605758666992,0.999193012714386,0.9993066787719727,0.7196431756019592,5.401316165924072,True,43,True,source_038,gated,complete
False,True,True,random_direction,True,True,False,True,True,True,False,True,,,0.008275999687612057,0.13552650809288025,False,-2.384185791015625e-07,0.9993064403533936,0.9993066787719727,0.005815763957798481,1.000565528869629,True,43,True,source_038,gated,complete
False,True,True,random_method,True,True,False,True,True,True,False,True,,,0.053922928869724274,0.13552650809288025,False,-9.5367431640625e-07,0.9993057250976562,0.9993066787719727,0.29564303159713745,2.350196599960327,True,43,True,source_038,gated,complete
False,False,True,latent_cosine,False,False,False,True,True,False,False,True,,,0.05884973332285881,0.13731414079666138,False,-1.5116529539227486e-06,0.0011254561832174659,0.0011269678361713886,0.0037051853723824024,0.9987753629684448,True,43,False,source_035,gated,complete
False,False,True,semantics_preserving,False,False,False,True,True,False,False,True,,,0.027498068287968636,0.13731414079666138,False,9.863870218396187e-07,0.0011279542231932282,0.0011269678361713886,0.003967867698520422,0.9996228814125061,True,43,False,source_035,gated,complete
False,False,True,destructive_upper,False,False,False,True,True,False,False,True,,,0.02574438974261284,0.13731414079666138,False,0.0005079711554571986,0.0016349389916285872,0.0011269678361713886,0.7139726281166077,5.269503593444824,True,43,False,source_035,gated,complete
False,False,True,random_direction,False,False,False,True,True,False,False,True,,,0.05884973332285881,0.13731414079666138,False,-1.5116529539227486e-06,0.0011254561832174659,0.0011269678361713886,0.0037051853723824024,0.9987753629684448,True,43,False,source_035,gated,complete
False,False,True,random_method,False,False,False,True,True,False,False,True,,,0.01000752579420805,0.13731414079666138,False,-6.402842700481415e-09,0.0011269614333286881,0.0011269678361713886,0.2808891236782074,2.2679319381713867,True,43,False,source_035,gated,complete
False,True,True,latent_cosine,True,True,False,True,True,True,False,True,,,0.1445729285478592,0.13702765107154846,False,-1.537799835205078e-05,0.9999265670776367,0.9999419450759888,0.20403528213500977,1.669312596321106,True,43,True,source_037,gated,complete
False,True,True,semantics_preserving,True,True,False,True,True,True,False,True,,,0.018470196053385735,0.13702765107154846,False,-2.86102294921875e-06,0.9999390840530396,0.9999419450759888,0.21131421625614166,1.8224140405654907,True,43,True,source_037,gated,complete
False,True,True,destructive_upper,True,True,False,True,True,True,False,True,,,0.07451668381690979,0.13702765107154846,False,-2.586841583251953e-05,0.9999160766601562,0.9999419450759888,0.5345504283905029,3.9543306827545166,True,43,True,source_037,gated,complete
False,True,True,random_direction,True,True,False,True,True,True,False,True,,,0.1445729285478592,0.13702765107154846,False,-1.537799835205078e-05,0.9999265670776367,0.9999419450759888,0.20403528213500977,1.669312596321106,True,43,True,source_037,gated,complete
False,True,True,random_method,True,True,False,True,True,True,False,True,,,0.07316149771213531,0.13702765107154846,False,-1.1920928955078125e-07,0.9999418258666992,0.9999419450759888,0.08100790530443192,1.1238282918930054,True,43,True,source_037,gated,complete
False,True,True,latent_cosine,True,True,False,True,True,True,False,True,,,0.060142237693071365,0.13651326298713684,False,-3.0994415283203125e-06,0.9999436140060425,0.9999467134475708,0.006013000383973122,0.998319685459137,True,43,True,source_015,gated,complete
False,True,True,semantics_preserving,True,True,False,True,True,True,False,True,,,-0.011722762137651443,0.13651326298713684,False,1.0728836059570312e-06,0.9999477863311768,0.9999467134475708,0.00655018724501133,1.0017123222351074,True,43,True,source_015,gated,complete
False,True,False,destructive_upper,True,False,False,True,True,True,False,True,,,0.04082590714097023,0.13651326298713684,False,-0.006755530834197998,0.9931911826133728,0.9999467134475708,0.7104515433311462,5.259226322174072,True,43,True,source_015,gated,complete
False,True,True,random_direction,True,True,False,True,True,True,False,True,,,-0.011722762137651443,0.13651326298713684,False,1.0728836059570312e-06,0.9999477863311768,0.9999467134475708,0.00655018724501133,1.0017123222351074,True,43,True,source_015,gated,complete
False,True,True,random_method,True,True,False,True,True,True,False,True,,,0.05110620707273483,0.13651326298713684,False,-2.384185791015625e-07,0.9999464750289917,0.9999467134475708,0.004228994250297546,0.9988962411880493,True,43,True,source_015,gated,complete
False,True,True,latent_cosine,True,True,False,True,True,True,False,True,,,0.08147761970758438,0.13552606105804443,False,-2.384185791015625e-07,0.9999288320541382,0.9999290704727173,0.007898585870862007,0.9969451427459717,True,43,True,source_014,gated,complete
False,True,True,semantics_preserving,True,True,False,True,True,True,False,True,,,-0.026192711666226387,0.13552606105804443,False,2.384185791015625e-07,0.9999293088912964,0.9999290704727173,0.008654075674712658,1.0037044286727905,True,43,True,source_014,gated,complete
False,True,True,destructive_upper,True,True,False,True,True,True,False,True,,,0.006697188597172499,0.13552606105804443,False,-1.1205673217773438e-05,0.9999178647994995,0.9999290704727173,0.7196431756019592,5.396754264831543,True,43,True,source_014,gated,complete
False,True,True,random_direction,True,True,False,True,True,True,False,True,,,0.08147761970758438,0.13552606105804443,False,-2.384185791015625e-07,0.9999288320541382,0.9999290704727173,0.007898585870862007,0.9969451427459717,True,43,True,source_014,gated,complete
False,True,True,random_method,True,True,False,True,True,True,False,True,,,0.0911823958158493,0.13552606105804443,False,-4.76837158203125e-07,0.9999285936355591,0.9999290704727173,0.05308228358626366,1.0401837825775146,True,43,True,source_014,gated,complete
False,True,True,latent_cosine,True,True,False,True,True,True,False,True,,,0.04074041545391083,0.13599978387355804,False,0.0,0.9999924898147583,0.9999924898147583,0.00350376614369452,0.9992820024490356,True,43,True,source_054,gated,complete
False,True,True,semantics_preserving,True,True,False,True,True,True,False,True,,,-0.020953809842467308,0.13599978387355804,False,1.1920928955078125e-07,0.9999926090240479,0.9999924898147583,0.0039272126741707325,1.0010215044021606,True,43,True,source_054,gated,complete
False,True,True,destructive_upper,True,True,False,True,True,True,False,True,,,0.0281242523342371,0.13599978387355804,False,-2.753734588623047e-05,0.9999649524688721,0.9999924898147583,0.7435242533683777,5.5300679206848145,True,43,True,source_054,gated,complete
False,True,True,random_direction,True,True,False,True,True,True,False,True,,,-0.017171530053019524,0.13599978387355804,False,0.0,0.9999924898147583,0.9999924898147583,0.0029841242358088493,1.000617265701294,True,43,True,source_054,gated,complete
False,True,True,random_method,True,True,False,True,True,True,False,True,,,0.03386246785521507,0.13599978387355804,False,0.0,0.9999924898147583,0.9999924898147583,0.4527313709259033,3.443284273147583,True,43,True,source_054,gated,complete
False,True,True,latent_cosine,True,True,False,True,True,True,False,True,,,0.028913166373968124,0.1376388520002365,False,-1.1920928955078125e-07,0.9999451637268066,0.9999452829360962,0.003959659952670336,0.9995819926261902,True,43,True,source_033,gated,complete
False,True,True,semantics_preserving,True,True,False,True,True,True,False,True,,,-0.016833743080496788,0.1376388520002365,False,1.1920928955078125e-07,0.9999454021453857,0.9999452829360962,0.00502280006185174,1.001279354095459,True,43,True,source_033,gated,complete
False,True,True,destructive_upper,True,True,False,True,True,True,False,True,,,0.03375190496444702,0.1376388520002365,False,5.4836273193359375e-06,0.9999507665634155,0.9999452829360962,0.7067594528198242,5.198115348815918,True,43,True,source_033,gated,complete
False,True,True,random_direction,True,True,False,True,True,True,False,True,,,-0.016833743080496788,0.1376388520002365,False,1.1920928955078125e-07,0.9999454021453857,0.9999452829360962,0.00502280006185174,1.001279354095459,True,43,True,source_033,gated,complete
False,True,True,random_method,True,True,False,True,True,True,False,True,,,0.028149880468845367,0.1376388520002365,False,-1.1920928955078125e-07,0.9999451637268066,0.9999452829360962,0.01171453669667244,1.0012253522872925,True,43,True,source_033,gated,complete
False,True,True,latent_cosine,True,True,False,True,True,True,False,True,,,0.14461562037467957,0.13703274726867676,False,-1.537799835205078e-05,0.9999265670776367,0.9999419450759888,0.20403528213500977,1.6692299842834473,True,43,True,source_067,gated,complete
False,True,True,semantics_preserving,True,True,False,True,True,True,False,True,,,0.018493114039301872,0.13703274726867676,False,-2.86102294921875e-06,0.9999390840530396,0.9999419450759888,0.21131421625614166,1.822346568107605,True,43,True,source_067,gated,complete
False,True,True,destructive_upper,True,True,False,True,True,True,False,True,,,0.07449087500572205,0.13703274726867676,False,-2.586841583251953e-05,0.9999160766601562,0.9999419450759888,0.5345504283905029,3.9542157649993896,True,43,True,source_067,gated,complete
False,True,True,random_direction,True,True,False,True,True,True,False,True,,,0.08970970660448074,0.13703274726867676,False,-1.2636184692382812e-05,0.9999293088912964,0.9999419450759888,0.1813296228647232,1.585431456565857,True,43,True,source_067,gated,complete
False,True,True,random_method,True,True,False,True,True,True,False,True,,,0.0343119241297245,0.13703274726867676,False,0.0,0.9999419450759888,0.9999419450759888,0.0036417667288333178,0.9994412064552307,True,43,True,source_067,gated,complete
False,False,True,latent_cosine,False,False,False,True,True,False,False,True,,,0.05884973704814911,0.13731414079666138,False,-1.501990482211113e-06,0.0011179120047017932,0.0011194139951840043,0.0037051853723824024,0.9987753629684448,True,43,False,source_059,gated,complete
False,False,True,semantics_preserving,False,False,False,True,True,False,False,True,,,0.027498068287968636,0.13731414079666138,False,9.798677638173103e-07,0.0011203938629478216,0.0011194139951840043,0.003967867698520422,0.9996228814125061,True,43,False,source_059,gated,complete
False,False,True,destructive_upper,False,False,False,True,True,False,False,True,,,0.02574438787996769,0.13731414079666138,False,0.0005043899873271585,0.0016238039825111628,0.0011194139951840043,0.7139726281166077,5.269503593444824,True,43,False,source_059,gated,complete
False,False,True,random_direction,False,False,False,True,True,False,False,True,,,0.05884973704814911,0.13731414079666138,False,-1.501990482211113e-06,0.0011179120047017932,0.0011194139951840043,0.0037051853723824024,0.9987753629684448,True,43,False,source_059,gated,complete
False,False,True,random_method,False,False,False,True,True,False,False,True,,,0.009507209993898869,0.13731414079666138,False,-2.926681190729141e-07,0.0011191213270649314,0.0011194139951840043,0.05456656217575073,1.0725477933883667,True,43,False,source_059,gated,complete
False,True,True,latent_cosine,True,True,False,True,True,True,False,True,,,0.14458175003528595,0.13702860474586487,False,-1.537799835205078e-05,0.9999265670776367,0.9999419450759888,0.20403528213500977,1.6692965030670166,True,43,True,source_017,gated,complete
False,True,True,semantics_preserving,True,True,False,True,True,True,False,True,,,0.01847335882484913,0.13702860474586487,False,-2.86102294921875e-06,0.9999390840530396,0.9999419450759888,0.21131421625614166,1.8224022388458252,True,43,True,source_017,gated,complete
False,True,True,destructive_upper,True,True,False,True,True,True,False,True,,,0.07451192289590836,0.13702860474586487,False,-2.586841583251953e-05,0.9999160766601562,0.9999419450759888,0.5345504283905029,3.9543089866638184,True,43,True,source_017,gated,complete
False,True,True,random_direction,True,True,False,True,True,True,False,True,,,0.14458175003528595,0.13702860474586487,False,-1.537799835205078e-05,0.9999265670776367,0.9999419450759888,0.20403528213500977,1.6692965030670166,True,43,True,source_017,gated,complete
False,True,True,random_method,True,True,False,True,True,True,False,True,,,0.07316883653402328,0.13702860474586487,False,-1.1920928955078125e-07,0.9999418258666992,0.9999419450759888,0.08100790530443192,1.1238224506378174,True,43,True,source_017,gated,complete
False,True,True,latent_cosine,True,True,False,True,True,True,False,True,,,0.053305890411138535,0.1366301327943802,False,-2.384185791015625e-07,0.9999868869781494,0.9999871253967285,0.0067167626693844795,0.998586893081665,True,43,True,source_072,gated,complete
False,True,True,semantics_preserving,True,True,False,True,True,True,False,True,,,-0.009567883796989918,0.1366301327943802,False,0.0,0.9999871253967285,0.9999871253967285,0.007179760839790106,1.0018815994262695,True,43,True,source_072,gated,complete
False,True,True,destructive_upper,True,True,False,True,True,True,False,True,,,0.043349262326955795,0.1366301327943802,False,-3.24249267578125e-05,0.9999547004699707,0.9999871253967285,0.7244210243225098,5.3527703285217285,True,43,True,source_072,gated,complete
False,True,True,random_direction,True,True,False,True,True,True,False,True,,,-0.012777713127434254,0.1366301327943802,False,-1.1920928955078125e-07,0.999987006187439,0.9999871253967285,0.00511300889775157,1.0011777877807617,True,43,True,source_072,gated,complete
False,True,True,random_method,True,True,False,True,True,True,False,True,,,0.04981672018766403,0.1366301327943802,False,0.0,0.9999871253967285,0.9999871253967285,0.03794360160827637,1.0244284868240356,True,43,True,source_072,gated,complete
False,False,True,latent_cosine,False,False,False,True,True,False,False,True,,,0.04329800233244896,0.13691192865371704,False,-4.461908247321844e-07,0.0003434142272453755,0.0003438604180701077,0.004607215523719788,0.9991088509559631,True,43,False,source_029,gated,complete
False,False,True,semantics_preserving,False,False,False,True,True,False,False,True,,,-0.03743802383542061,0.13691192865371704,False,2.741871867328882e-07,0.0003441346052568406,0.0003438604180701077,0.005142617970705032,1.0021095275878906,True,43,False,source_029,gated,complete
False,False,True,destructive_upper,False,False,False,True,True,False,False,True,,,0.02304081991314888,0.13691192865371704,False,-2.738370676524937e-05,0.0003164767113048583,0.0003438604180701077,0.7060444951057434,5.230318546295166,True,43,False,source_029,gated,complete
False,False,True,random_direction,False,False,False,True,True,False,False,True,,,0.04329800233244896,0.13691192865371704,False,-4.461908247321844e-07,0.0003434142272453755,0.0003438604180701077,0.004607215523719788,0.9991088509559631,True,43,False,source_029,gated,complete
False,False,True,random_method,False,False,False,True,True,False,False,True,,,0.027224048972129822,0.13691192865371704,False,-2.8812792152166367e-08,0.00034383160527795553,0.0003438604180701077,0.13851147890090942,1.403003454208374,True,43,False,source_029,gated,complete
False,True,True,latent_cosine,True,True,False,True,True,True,False,True,,,0.14461374282836914,0.1370326280593872,False,-1.537799835205078e-05,0.9999265670776367,0.9999419450759888,0.20403528213500977,1.669232726097107,True,43,True,source_073,gated,complete
False,True,True,semantics_preserving,True,True,False,True,True,True,False,True,,,0.018494049087166786,0.1370326280593872,False,-2.86102294921875e-06,0.9999390840530396,0.9999419450759888,0.21131421625614166,1.8223469257354736,True,43,True,source_073,gated,complete
False,True,True,destructive_upper,True,True,False,True,True,True,False,True,,,0.07449198514223099,0.1370326280593872,False,-2.586841583251953e-05,0.9999160766601562,0.9999419450759888,0.5345504283905029,3.9542179107666016,True,43,True,source_073,gated,complete
False,True,True,random_direction,True,True,False,True,True,True,False,True,,,0.049796491861343384,0.1370326280593872,False,-1.2159347534179688e-05,0.9999297857284546,0.9999419450759888,0.1838044375181198,1.6326513290405273,True,43,True,source_073,gated,complete
False,True,True,random_method,True,True,False,True,True,True,False,True,,,0.08190324902534485,0.1370326280593872,False,-1.1920928955078125e-07,0.9999418258666992,0.9999419450759888,0.2920384705066681,2.278759479522705,True,43,True,source_073,gated,complete
False,True,True,latent_cosine,True,True,False,True,True,True,False,True,,,0.05169297009706497,0.1370031237602234,False,-2.384185791015625e-07,0.9999978542327881,0.9999980926513672,0.0063644289039075375,0.9986768960952759,True,43,True,source_019,gated,complete
False,True,True,semantics_preserving,True,True,False,True,True,True,False,True,,,-0.004065447021275759,0.1370031237602234,False,0.0,0.9999980926513672,0.9999980926513672,0.006868869997560978,1.0014595985412598,True,43,True,source_019,gated,complete
False,True,True,destructive_upper,True,True,False,True,True,True,False,True,,,0.0324479378759861,0.1370031237602234,False,-8.702278137207031e-06,0.99998939037323,0.9999980926513672,0.726475715637207,5.364110469818115,True,43,True,source_019,gated,complete
False,True,True,random_direction,True,True,False,True,True,True,False,True,,,-0.004065447021275759,0.1370031237602234,False,0.0,0.9999980926513672,0.9999980926513672,0.006868869997560978,1.0014595985412598,True,43,True,source_019,gated,complete
False,True,True,random_method,True,True,False,True,True,True,False,True,,,0.03582821786403656,0.1370031237602234,False,-1.1920928955078125e-07,0.9999979734420776,0.9999980926513672,0.09744417667388916,1.2061997652053833,True,43,True,source_019,gated,complete
False,False,True,latent_cosine,False,False,False,True,True,False,False,True,,,0.05884973332285881,0.13731414079666138,False,-1.501990482211113e-06,0.0011179120047017932,0.0011194139951840043,0.0037051853723824024,0.9987753629684448,True,43,False,source_052,gated,complete
False,False,True,semantics_preserving,False,False,False,True,True,False,False,True,,,0.027498068287968636,0.13731414079666138,False,9.798677638173103e-07,0.0011203938629478216,0.0011194139951840043,0.003967867698520422,0.9996228814125061,True,43,False,source_052,gated,complete
False,False,True,destructive_upper,False,False,False,True,True,False,False,True,,,0.02574438974261284,0.13731414079666138,False,0.0005043899873271585,0.0016238039825111628,0.0011194139951840043,0.7139726281166077,5.269503593444824,True,43,False,source_052,gated,complete
False,False,True,random_direction,False,False,False,True,True,False,False,True,,,0.05884973332285881,0.13731414079666138,False,-1.501990482211113e-06,0.0011179120047017932,0.0011194139951840043,0.0037051853723824024,0.9987753629684448,True,43,False,source_052,gated,complete
False,False,True,random_method,False,False,False,True,True,False,False,True,,,0.0167339276522398,0.13731414079666138,False,-4.782341420650482e-07,0.0011189357610419393,0.0011194139951840043,0.19749872386455536,1.737977385520935,True,43,False,source_052,gated,complete
False,True,True,latent_cosine,True,True,False,True,True,True,False,True,,,0.05754029005765915,0.13748899102210999,False,-1.1920928955078125e-06,0.9996281862258911,0.9996293783187866,0.005045462399721146,0.9985607266426086,True,43,True,source_036,gated,complete
False,True,True,semantics_preserving,True,True,False,True,True,True,False,True,,,-0.010365507565438747,0.13748899102210999,False,1.0728836059570312e-06,0.9996304512023926,0.9996293783187866,0.005470378790050745,1.0012032985687256,True,43,True,source_036,gated,complete
False,True,True,destructive_upper,True,True,False,True,True,True,False,True,,,0.008963185362517834,0.13748899102210999,False,-0.0015280842781066895,0.9981012940406799,0.9996293783187866,0.7063252925872803,5.224938869476318,True,43,True,source_036,gated,complete
False,True,True,random_direction,True,True,False,True,True,True,False,True,,,-0.006450981833040714,0.13748899102210999,False,-9.5367431640625e-07,0.9996284246444702,0.9996293783187866,0.004328765906393528,1.000698447227478,True,43,True,source_036,gated,complete
False,True,True,random_method,True,True,False,True,True,True,False,True,,,0.05013100057840347,0.13748899102210999,False,-2.9802322387695312e-06,0.9996263980865479,0.9996293783187866,0.02976028434932232,1.0124973058700562,True,43,True,source_036,gated,complete
False,True,True,latent_cosine,True,True,False,True,True,True,False,True,,,0.1445980668067932,0.13703052699565887,False,-1.537799835205078e-05,0.9999265670776367,0.9999419450759888,0.20403528213500977,1.6692650318145752,True,43,True,source_022,gated,complete
False,True,True,semantics_preserving,True,True,False,True,True,True,False,True,,,0.018481317907571793,0.13703052699565887,False,-2.86102294921875e-06,0.9999390840530396,0.9999419450759888,0.21131421625614166,1.8223774433135986,True,43,True,source_022,gated,complete
False,True,True,destructive_upper,True,True,False,True,True,True,False,True,,,0.07450234144926071,0.13703052699565887,False,-2.586841583251953e-05,0.9999160766601562,0.9999419450759888,0.5345504283905029,3.954265594482422,True,43,True,source_022,gated,complete
False,True,True,random_direction,True,True,False,True,True,True,False,True,,,0.04979900270700455,0.13703052699565887,False,-1.2159347534179688e-05,0.9999297857284546,0.9999419450759888,0.1838044375181198,1.6326653957366943,True,43,True,source_022,gated,complete
False,True,True,random_method,True,True,False,True,True,True,False,True,,,0.08550675213336945,0.13703052699565887,False,-9.5367431640625e-07,0.9999409914016724,0.9999419450759888,0.02932523563504219,1.0045896768569946,True,43,True,source_022,gated,complete
False,True,True,latent_cosine,True,True,False,True,True,True,False,True,,,0.1437954157590866,0.13697344064712524,False,-2.5033950805664062e-06,0.9999902248382568,0.9999927282333374,0.20403528213500977,1.6704808473587036,True,43,True,source_071,gated,complete
False,True,True,semantics_preserving,True,True,False,True,True,True,False,True,,,0.018161261454224586,0.13697344064712524,False,-4.76837158203125e-07,0.9999922513961792,0.9999927282333374,0.21131421625614166,1.823185682296753,True,43,True,source_071,gated,complete
False,True,True,destructive_upper,True,True,False,True,True,True,False,True,,,0.07485678046941757,0.13697344064712524,False,-5.125999450683594e-06,0.9999876022338867,0.9999927282333374,0.5345504283905029,3.95548939704895,True,43,True,source_071,gated,complete
False,True,True,random_direction,True,True,False,True,True,True,False,True,,,0.0500614270567894,0.13697344064712524,False,-1.9073486328125e-06,0.9999908208847046,0.9999927282333374,0.1838044375181198,1.63289213180542,True,43,True,source_071,gated,complete
False,True,True,random_method,True,True,False,True,True,True,False,True,,,0.10011551529169083,0.13697344064712524,False,-1.1920928955078125e-07,0.9999926090240479,0.9999927282333374,0.1266842782497406,1.2923686504364014,True,43,True,source_071,gated,complete
False,True,True,latent_cosine,True,True,False,True,True,True,False,True,,,0.023901887238025665,0.13694602251052856,False,0.0,0.9997606873512268,0.9997606873512268,4.267856290596228e-09,1.0,True,43,True,source_053,gated,complete
False,True,True,semantics_preserving,True,True,False,True,True,True,False,True,,,-0.02231764979660511,0.13694602251052856,False,7.152557373046875e-07,0.9997614026069641,0.9997606873512268,0.004027894698083401,1.0010883808135986,True,43,True,source_053,gated,complete
False,True,True,destructive_upper,True,True,False,True,True,True,False,True,,,0.03312866762280464,0.13694602251052856,False,-0.00011307001113891602,0.9996476173400879,0.9997606873512268,0.72514408826828,5.356056213378906,True,43,True,source_053,gated,complete
False,True,True,random_direction,True,True,False,True,True,True,False,True,,,-0.02231764979660511,0.13694602251052856,False,7.152557373046875e-07,0.9997614026069641,0.9997606873512268,0.004027894698083401,1.0010883808135986,True,43,True,source_053,gated,complete
False,True,True,random_method,True,True,False,True,True,True,False,True,,,0.044862501323223114,0.13694602251052856,False,1.1920928955078125e-07,0.9997608065605164,0.9997606873512268,0.03557869419455528,1.0218541622161865,True,43,True,source_053,gated,complete
False,True,True,latent_cosine,True,True,False,True,True,True,False,True,,,0.08699142932891846,0.13552650809288025,False,-3.0994415283203125e-06,0.9993035793304443,0.9993066787719727,0.007898585870862007,0.9966227412223816,True,43,True,source_018,gated,complete
False,True,True,semantics_preserving,True,True,False,True,True,True,False,True,,,-0.027888283133506775,0.13552650809288025,False,2.1457672119140625e-06,0.9993088245391846,0.9993066787719727,0.008654075674712658,1.003812313079834,True,43,True,source_018,gated,complete
False,True,True,destructive_upper,True,True,False,True,True,True,False,True,,,0.002041218103840947,0.13552650809288025,False,-0.00011366605758666992,0.999193012714386,0.9993066787719727,0.7196431756019592,5.401316165924072,True,43,True,source_018,gated,complete
False,True,True,random_direction,True,True,False,True,True,True,False,True,,,-0.027888283133506775,0.13552650809288025,False,2.1457672119140625e-06,0.9993088245391846,0.9993066787719727,0.008654075674712658,1.003812313079834,True,43,True,source_018,gated,complete
False,True,True,random_method,True,True,False,True,True,True,False,True,,,0.10404181480407715,0.13552650809288025,False,-4.76837158203125e-06,0.9993019104003906,0.9993066787719727,0.05406060814857483,1.0373585224151611,True,43,True,source_018,gated,complete
False,True,True,latent_cosine,True,True,False,True,True,True,False,True,,,0.14457257091999054,0.1370275616645813,False,-1.537799835205078e-05,0.9999265670776367,0.9999419450759888,0.20403528213500977,1.669313669204712,True,43,True,source_012,gated,complete
False,True,True,semantics_preserving,True,True,False,True,True,True,False,True,,,0.018468711525201797,0.1370275616645813,False,-2.86102294921875e-06,0.9999390840530396,0.9999419450759888,0.21131421625614166,1.8224159479141235,True,43,True,source_012,gated,complete
False,True,True,destructive_upper,True,True,False,True,True,True,False,True,,,0.07451750338077545,0.1370275616645813,False,-2.586841583251953e-05,0.9999160766601562,0.9999419450759888,0.5345504283905029,3.954332113265991,True,43,True,source_012,gated,complete
False,True,True,random_direction,True,True,False,True,True,True,False,True,,,0.08966688811779022,0.1370275616645813,False,-1.2636184692382812e-05,0.9999293088912964,0.9999419450759888,0.1813296228647232,1.5855060815811157,True,43,True,source_012,gated,complete
False,True,True,random_method,True,True,False,True,True,True,False,True,,,0.10845830291509628,0.1370275616645813,False,-7.152557373046875e-07,0.9999412298202515,0.9999419450759888,0.05371422693133354,1.0337457656860352,True,43,True,source_012,gated,complete
False,True,True,latent_cosine,True,True,False,True,True,True,False,True,,,0.028913166373968124,0.1376388520002365,False,-1.1920928955078125e-07,0.9999451637268066,0.9999452829360962,0.003959659952670336,0.9995819926261902,True,43,True,source_021,gated,complete
False,True,True,semantics_preserving,True,True,False,True,True,True,False,True,,,-0.01683373935520649,0.1376388520002365,False,1.1920928955078125e-07,0.9999454021453857,0.9999452829360962,0.00502280006185174,1.001279354095459,True,43,True,source_021,gated,complete
False,True,True,destructive_upper,True,True,False,True,True,True,False,True,,,0.03375190496444702,0.1376388520002365,False,5.4836273193359375e-06,0.9999507665634155,0.9999452829360962,0.7067594528198242,5.198115348815918,True,43,True,source_021,gated,complete
False,True,True,random_direction,True,True,False,True,True,True,False,True,,,-0.01683373935520649,0.1376388520002365,False,1.1920928955078125e-07,0.9999454021453857,0.9999452829360962,0.00502280006185174,1.001279354095459,True,43,True,source_021,gated,complete
False,True,True,random_method,True,True,False,True,True,True,False,True,,,0.0006964578642509878,0.1376388520002365,False,-1.1920928955078125e-07,0.9999451637268066,0.9999452829360962,0.2833383083343506,2.2879722118377686,True,43,True,source_021,gated,complete
False,True,True,latent_cosine,True,True,False,True,True,True,False,True,,,0.026693614199757576,0.1375725120306015,False,-0.000260770320892334,0.9727976322174072,0.9730584025382996,0.00913548469543457,1.0004321336746216,True,43,True,source_051,gated,complete
False,True,True,semantics_preserving,True,True,False,True,True,True,False,True,,,-0.01772095449268818,0.1375725120306015,False,0.00022011995315551758,0.9732785224914551,0.9730584025382996,0.010204615071415901,1.0040574073791504,True,43,True,source_051,gated,complete
False,True,True,destructive_upper,True,True,False,True,True,True,False,True,,,0.02743653394281864,0.1375725120306015,False,-0.0029276609420776367,0.9701307415962219,0.9730584025382996,0.7168126702308655,5.278515338897705,True,43,True,source_051,gated,complete
False,True,True,random_direction,True,True,False,True,True,True,False,True,,,0.020519813522696495,0.1375725120306015,False,-0.00021588802337646484,0.9728425145149231,0.9730584025382996,0.007985563948750496,1.0004935264587402,True,43,True,source_051,gated,complete
False,True,True,random_method,True,True,False,True,True,True,False,True,,,0.02567439153790474,0.1375725120306015,False,-5.066394805908203e-06,0.9730533361434937,0.9730584025382996,0.1937134861946106,1.7059876918792725,True,43,True,source_051,gated,complete
False,True,True,latent_cosine,True,True,False,True,True,True,False,True,,,0.14462125301361084,0.1370336264371872,False,-1.6689300537109375e-05,0.9999194145202637,0.9999361038208008,0.20403528213500977,1.6692172288894653,True,43,True,source_044,gated,complete
False,True,True,semantics_preserving,True,True,False,True,True,True,False,True,,,0.01849936880171299,0.1370336264371872,False,-3.2186508178710938e-06,0.9999328851699829,0.9999361038208008,0.21131421625614166,1.8223329782485962,True,43,True,source_044,gated,complete
False,True,True,destructive_upper,True,True,False,True,True,True,False,True,,,0.07448713481426239,0.1370336264371872,False,-2.872943878173828e-05,0.999907374382019,0.9999361038208008,0.5345504283905029,3.954195261001587,True,43,True,source_044,gated,complete
False,True,True,random_direction,True,True,False,True,True,True,False,True,,,0.01849936880171299,0.1370336264371872,False,-3.2186508178710938e-06,0.9999328851699829,0.9999361038208008,0.21131421625614166,1.8223329782485962,True,43,True,source_044,gated,complete
False,True,True,random_method,True,True,False,True,True,True,False,True,,,0.048931289464235306,0.1370336264371872,False,-3.5762786865234375e-07,0.9999357461929321,0.9999361038208008,0.018334774300456047,1.0024012327194214,True,43,True,source_044,gated,complete
,,,latent_cosine,,,,,,,,,,attacked_method_has_no_code,,,,,,,,,,43,,source_003,,ineligible
,,,semantics_preserving,,,,,,,,,,attacked_method_has_no_code,,,,,,,,,,43,,source_003,,ineligible
,,,destructive_upper,,,,,,,,,,attacked_method_has_no_code,,,,,,,,,,43,,source_003,,ineligible
,,,random_direction,,,,,,,,,,attacked_method_has_no_code,,,,,,,,,,43,,source_003,,ineligible
,,,random_method,,,,,,,,,,attacked_method_has_no_code,,,,,,,,,,43,,source_003,,ineligible
False,True,True,latent_cosine,True,True,False,True,True,True,False,True,,,0.06013324856758118,0.13651107251644135,False,-2.9802322387695312e-06,0.9999434947967529,0.9999464750289917,0.006013000383973122,0.9983200430870056,True,43,True,source_031,gated,complete
False,True,True,semantics_preserving,True,True,False,True,True,True,False,True,,,-0.011669223196804523,0.13651107251644135,False,1.0728836059570312e-06,0.9999475479125977,0.9999464750289917,0.00655018724501133,1.0017096996307373,True,43,True,source_031,gated,complete
False,True,False,destructive_upper,True,False,False,True,True,True,False,True,,,0.040904682129621506,0.13651107251644135,False,-0.00676119327545166,0.99318528175354,0.9999464750289917,0.7104515433311462,5.259230136871338,True,43,True,source_031,gated,complete
False,True,True,random_direction,True,True,False,True,True,True,False,True,,,-0.011669223196804523,0.13651107251644135,False,1.0728836059570312e-06,0.9999475479125977,0.9999464750289917,0.00655018724501133,1.0017096996307373,True,43,True,source_031,gated,complete
False,True,True,random_method,True,True,False,True,True,True,False,True,,,0.029567286372184753,0.13651107251644135,False,-7.152557373046875e-07,0.9999457597732544,0.9999464750289917,0.2597823143005371,2.123422384262085,True,43,True,source_031,gated,complete
False,True,True,latent_cosine,True,True,False,True,True,True,False,True,,,0.1255597323179245,0.13663263618946075,False,-0.0002352595329284668,0.9992434978485107,0.9994787573814392,0.20403528213500977,1.6896696090698242,True,43,True,source_049,gated,complete
False,True,True,semantics_preserving,True,True,False,True,True,True,False,True,,,0.005199593957513571,0.13663263618946075,False,-0.0001035928726196289,0.9993751645088196,0.9994787573814392,0.21131421625614166,1.8373478651046753,True,43,True,source_049,gated,complete
False,True,True,destructive_upper,True,True,False,True,True,True,False,True,,,0.08079415559768677,0.13663263618946075,False,-0.00033932924270629883,0.9991394281387329,0.9994787573814392,0.5345504283905029,3.9590466022491455,True,43,True,source_049,gated,complete
False,True,True,random_direction,True,True,False,True,True,True,False,True,,,0.048807792365550995,0.13663263618946075,False,-0.00020301342010498047,0.9992757439613342,0.9994787573814392,0.1838044375181198,1.636572241783142,True,43,True,source_049,gated,complete
False,True,True,random_method,True,True,False,True,True,True,False,True,,,0.05801170691847801,0.13663263618946075,False,-1.430511474609375e-06,0.9994773268699646,0.9994787573814392,0.2963719069957733,2.335249900817871,True,43,True,source_049,gated,complete
False,True,True,latent_cosine,True,True,False,True,True,True,False,True,,,0.08003625273704529,0.13738855719566345,False,-8.344650268554688e-07,0.9999351501464844,0.9999359846115112,0.005374187603592873,0.9976315498352051,True,44,True,source_065,gated,complete
False,True,True,semantics_preserving,True,True,False,True,True,True,False,True,,,-0.023778799921274185,0.13738855719566345,False,-2.384185791015625e-07,0.9999357461929321,0.9999359846115112,0.005935857072472572,1.0019588470458984,True,44,True,source_065,gated,complete
,,,destructive_upper,,,,,,,,,,constructor_excluded_from_destructive_upper_bound,,,,,,,,,,44,,source_065,,ineligible
False,True,True,random_direction,True,True,False,True,True,True,False,True,,,-0.01764662005007267,0.13738855719566345,False,-1.1920928955078125e-07,0.9999358654022217,0.9999359846115112,0.00445706769824028,1.0010981559753418,True,44,True,source_065,gated,complete
False,True,True,random_method,True,True,False,True,True,True,False,True,,,0.06808920204639435,0.13738855719566345,False,0.0,0.9999359846115112,0.9999359846115112,0.2645149528980255,2.1082258224487305,True,44,True,source_065,gated,complete
False,True,True,latent_cosine,True,True,False,True,True,True,False,True,,,0.07792112231254578,0.137543186545372,False,-2.0265579223632812e-06,0.9997768998146057,0.9997789263725281,0.005374187603592873,0.9977161288261414,True,44,True,source_039,gated,complete
False,True,True,semantics_preserving,True,True,False,True,True,True,False,True,,,-0.025136064738035202,0.137543186545372,False,-5.960464477539062e-07,0.9997783303260803,0.9997789263725281,0.005935857072472572,1.00201416015625,True,44,True,source_039,gated,complete
,,,destructive_upper,,,,,,,,,,constructor_excluded_from_destructive_upper_bound,,,,,,,,,,44,,source_039,,ineligible
False,True,True,random_direction,True,True,False,True,True,True,False,True,,,-0.025136064738035202,0.137543186545372,False,-5.960464477539062e-07,0.9997783303260803,0.9997789263725281,0.005935857072472572,1.00201416015625,True,44,True,source_039,gated,complete
False,True,True,random_method,True,True,False,True,True,True,False,True,,,0.08024541288614273,0.137543186545372,False,-2.384185791015625e-06,0.9997765421867371,0.9997789263725281,0.20003975927829742,1.6975866556167603,True,44,True,source_039,gated,complete
False,True,True,latent_cosine,True,False,False,True,True,False,False,True,,,0.056030500680208206,0.13777533173561096,False,-0.00010514259338378906,0.9982903599739075,0.9983955025672913,0.060889508575201035,1.0704172849655151,True,44,False,source_008,gated,complete
False,True,True,semantics_preserving,True,False,False,True,True,False,False,True,,,-0.03256816416978836,0.13777533173561096,False,-3.3736228942871094e-05,0.9983617663383484,0.9983955025672913,0.06488152593374252,1.1191257238388062,True,44,False,source_008,gated,complete
False,True,True,destructive_upper,True,False,False,True,True,False,False,True,,,0.04478059709072113,0.13777533173561096,False,-0.0004891753196716309,0.9979063272476196,0.9983955025672913,0.6693285703659058,4.91591215133667,True,44,False,source_008,gated,complete
False,True,True,random_direction,True,False,False,True,True,False,False,True,,,-0.03256816416978836,0.13777533173561096,False,-3.3736228942871094e-05,0.9983617663383484,0.9983955025672913,0.06488152593374252,1.1191257238388062,True,44,False,source_008,gated,complete
False,True,True,random_method,True,False,False,True,True,False,False,True,,,0.00887756422162056,0.13777533173561096,False,-2.384185791015625e-06,0.9983931183815002,0.9983955025672913,0.045338213443756104,1.0499746799468994,True,44,False,source_008,gated,complete
False,True,True,latent_cosine,True,True,False,True,True,True,False,True,,,0.026765746995806694,0.13735930621623993,False,-1.913309097290039e-05,0.9989456534385681,0.998964786529541,0.011500838212668896,1.0012633800506592,True,44,True,source_061,gated,complete
False,True,True,semantics_preserving,True,True,False,True,True,True,False,True,,,-0.06710667908191681,0.13735930621623993,False,3.5762786865234375e-07,0.9989651441574097,0.998964786529541,0.012947331182658672,1.0107104778289795,True,44,True,source_061,gated,complete
False,True,False,destructive_upper,True,False,False,True,True,True,False,True,,,0.01617928221821785,0.13735930621623993,False,-0.00022751092910766602,0.9987372756004333,0.998964786529541,0.6838901042938232,5.062385082244873,True,44,True,source_061,gated,complete
False,True,True,random_direction,True,True,False,True,True,True,False,True,,,-0.06710667908191681,0.13735930621623993,False,3.5762786865234375e-07,0.9989651441574097,0.998964786529541,0.012947331182658672,1.0107104778289795,True,44,True,source_061,gated,complete
False,True,True,random_method,True,True,False,True,True,True,False,True,,,-0.011658770963549614,0.13735930621623993,False,2.0265579223632812e-06,0.9989668130874634,0.998964786529541,0.26983290910720825,2.214677333831787,True,44,True,source_061,gated,complete
False,True,True,latent_cosine,True,True,False,True,True,True,False,True,,,0.028257224708795547,0.137556254863739,False,-2.5033950805664062e-06,0.9996218681335449,0.9996243715286255,0.008295907638967037,1.0001143217086792,True,44,True,source_045,gated,complete
False,True,True,semantics_preserving,True,True,False,True,True,True,False,True,,,-0.056121066212654114,0.137556254863739,False,-2.384185791015625e-07,0.9996241331100464,0.9996243715286255,0.008995155803859234,1.005791187286377,True,44,True,source_045,gated,complete
False,True,True,destructive_upper,True,True,False,True,True,True,False,True,,,0.02433398924767971,0.137556254863739,False,-3.916025161743164e-05,0.9995852112770081,0.9996243715286255,0.6999602317810059,5.1619343757629395,True,44,True,source_045,gated,complete
False,True,True,random_direction,True,True,False,True,True,True,False,True,,,0.028257224708795547,0.137556254863739,False,-2.5033950805664062e-06,0.9996218681335449,0.9996243715286255,0.008295907638967037,1.0001143217086792,True,44,True,source_045,gated,complete
False,True,True,random_method,True,True,False,True,True,True,False,True,,,0.008259696885943413,0.137556254863739,False,-2.384185791015625e-07,0.9996241331100464,0.9996243715286255,0.29746389389038086,2.375002384185791,True,44,True,source_045,gated,complete
False,True,True,latent_cosine,True,True,False,True,True,True,False,True,,,0.030745575204491615,0.13749170303344727,False,-1.1920928955078125e-06,0.999014139175415,0.9990153312683105,0.0034904135391116142,0.9995415806770325,True,44,True,source_025,gated,complete
False,True,True,semantics_preserving,True,True,False,True,True,True,False,True,,,-0.05195990204811096,0.13749170303344727,False,3.933906555175781e-06,0.9990192651748657,0.9990153312683105,0.003979527857154608,1.0019210577011108,True,44,True,source_025,gated,complete
False,True,False,destructive_upper,True,False,False,True,True,True,False,True,,,0.025185219943523407,0.13749170303344727,False,-0.0004969239234924316,0.9985184073448181,0.9990153312683105,0.73975670337677,5.447697162628174,True,44,True,source_025,gated,complete
False,True,True,random_direction,True,True,False,True,True,True,False,True,,,-0.047377485781908035,0.13749170303344727,False,5.4836273193359375e-06,0.9990208148956299,0.9990153312683105,0.0029000320937484503,1.001220941543579,True,44,True,source_025,gated,complete
False,True,True,random_method,True,True,False,True,True,True,False,True,,,0.07389701902866364,0.13749170303344727,False,-3.0994415283203125e-06,0.9990122318267822,0.9990153312683105,0.27306559681892395,2.156588554382324,True,44,True,source_025,gated,complete
False,True,True,latent_cosine,True,True,False,True,True,True,False,True,,,0.07791666686534882,0.137543722987175,False,-2.0265579223632812e-06,0.9997768998146057,0.9997789263725281,0.005374187603592873,0.9977163672447205,True,44,True,source_030,gated,complete
False,True,True,semantics_preserving,True,True,False,True,True,True,False,True,,,-0.02514382265508175,0.137543722987175,False,-5.960464477539062e-07,0.9997783303260803,0.9997789263725281,0.005935857072472572,1.0020142793655396,True,44,True,source_030,gated,complete
,,,destructive_upper,,,,,,,,,,constructor_excluded_from_destructive_upper_bound,,,,,,,,,,44,,source_030,,ineligible
False,True,True,random_direction,True,True,False,True,True,True,False,True,,,-0.020126648247241974,0.137543722987175,False,-3.5762786865234375e-07,0.9997785687446594,0.9997789263725281,0.00445706769824028,1.0011765956878662,True,44,True,source_030,gated,complete
False,True,True,random_method,True,True,False,True,True,True,False,True,,,0.05878760293126106,0.137543722987175,False,-9.5367431640625e-07,0.9997779726982117,0.9997789263725281,0.047138623893260956,1.0378632545471191,True,44,True,source_030,gated,complete
False,True,True,latent_cosine,True,True,False,True,True,True,False,True,,,0.07787831872701645,0.13756126165390015,False,-2.1457672119140625e-06,0.9997751116752625,0.9997772574424744,0.005374187603592873,0.9977180361747742,True,44,True,source_063,gated,complete
False,True,True,semantics_preserving,True,True,False,True,True,True,False,True,,,-0.024629073217511177,0.13756126165390015,False,-7.152557373046875e-07,0.9997765421867371,0.9997772574424744,0.005935857072472572,1.001991868019104,True,44,True,source_063,gated,complete
,,,destructive_upper,,,,,,,,,,constructor_excluded_from_destructive_upper_bound,,,,,,,,,,44,,source_063,,ineligible
False,True,True,random_direction,True,True,False,True,True,True,False,True,,,0.07787831872701645,0.13756126165390015,False,-2.1457672119140625e-06,0.9997751116752625,0.9997772574424744,0.005374187603592873,0.9977180361747742,True,44,True,source_063,gated,complete
False,True,True,random_method,True,True,False,True,True,True,False,True,,,0.049098774790763855,0.13756126165390015,False,-3.6954879760742188e-06,0.9997735619544983,0.9997772574424744,0.1214154064655304,1.3009073734283447,True,44,True,source_063,gated,complete
False,True,True,latent_cosine,True,True,False,True,True,True,False,True,,,0.049126651138067245,0.13697697222232819,False,0.0,1.0,1.0,0.003805801970884204,0.9990205764770508,True,44,True,source_026,gated,complete
False,True,True,semantics_preserving,True,True,False,True,True,True,False,True,,,-0.031613029539585114,0.13697697222232819,False,0.0,1.0,1.0,0.003726825350895524,1.0012295246124268,True,44,True,source_026,gated,complete
,,,destructive_upper,,,,,,,,,,constructor_excluded_from_destructive_upper_bound,,,,,,,,,,44,,source_026,,ineligible
False,True,True,random_direction,True,True,False,True,True,True,False,True,,,0.049126651138067245,0.13697697222232819,False,0.0,1.0,1.0,0.003805801970884204,0.9990205764770508,True,44,True,source_026,gated,complete
False,True,True,random_method,True,True,False,True,True,True,False,True,,,0.020685892552137375,0.13697697222232819,False,0.0,1.0,1.0,0.09274797886610031,1.1960183382034302,True,44,True,source_026,gated,complete
False,True,True,latent_cosine,True,True,False,True,True,True,False,True,,,0.028270181268453598,0.13755634427070618,False,-2.5033950805664062e-06,0.9996218681335449,0.9996243715286255,0.008295907638967037,1.000113606452942,True,44,True,source_064,gated,complete
False,True,True,semantics_preserving,True,True,False,True,True,True,False,True,,,-0.0561191663146019,0.13755634427070618,False,-2.384185791015625e-07,0.9996241331100464,0.9996243715286255,0.008995155803859234,1.005791187286377,True,44,True,source_064,gated,complete
False,True,True,destructive_upper,True,True,False,True,True,True,False,True,,,0.02433653548359871,0.13755634427070618,False,-3.916025161743164e-05,0.9995852112770081,0.9996243715286255,0.6999602317810059,5.161928653717041,True,44,True,source_064,gated,complete
False,True,True,random_direction,True,True,False,True,True,True,False,True,,,0.028270181268453598,0.13755634427070618,False,-2.5033950805664062e-06,0.9996218681335449,0.9996243715286255,0.008295907638967037,1.000113606452942,True,44,True,source_064,gated,complete
False,True,True,random_method,True,True,False,True,True,True,False,True,,,0.014759917743504047,0.13755634427070618,False,-9.5367431640625e-07,0.9996234178543091,0.9996243715286255,0.05988050252199173,1.0847349166870117,True,44,True,source_064,gated,complete
False,True,True,latent_cosine,True,True,False,True,True,True,False,True,,,0.07804190367460251,0.13753652572631836,False,-2.1457672119140625e-06,0.9997838139533997,0.9997859597206116,0.005374065600335598,0.9977113604545593,True,44,True,source_074,gated,complete
False,True,True,semantics_preserving,True,True,False,True,True,True,False,True,,,-0.025021972134709358,0.13753652572631836,False,-7.152557373046875e-07,0.9997852444648743,0.9997859597206116,0.005936814472079277,1.0020097494125366,True,44,True,source_074,gated,complete
,,,destructive_upper,,,,,,,,,,constructor_excluded_from_destructive_upper_bound,,,,,,,,,,44,,source_074,,ineligible
False,True,True,random_direction,True,True,False,True,True,True,False,True,,,-0.019795110449194908,0.13753652572631836,False,-5.960464477539062e-07,0.9997853636741638,0.9997859597206116,0.0044565885327756405,1.001165747642517,True,44,True,source_074,gated,complete
False,True,True,random_method,True,True,False,True,True,True,False,True,,,0.05953561142086983,0.13753652572631836,False,-3.5762786865234375e-07,0.9997856020927429,0.9997859597206116,0.2970716655254364,2.3255507946014404,True,44,True,source_074,gated,complete
False,True,True,latent_cosine,True,True,False,True,True,True,False,True,,,0.07994518429040909,0.1373775750398636,False,-2.2649765014648438e-06,0.9997808337211609,0.9997830986976624,0.005374187603592873,0.9976348280906677,True,44,True,source_040,gated,complete
False,True,True,semantics_preserving,True,True,False,True,True,True,False,True,,,-0.023975897580385208,0.1373775750398636,False,-7.152557373046875e-07,0.999782383441925,0.9997830986976624,0.005935857072472572,1.0019675493240356,True,44,True,source_040,gated,complete
,,,destructive_upper,,,,,,,,,,constructor_excluded_from_destructive_upper_bound,,,,,,,,,,44,,source_040,,ineligible
False,True,True,random_direction,True,True,False,True,True,True,False,True,,,-0.017750917002558708,0.1373775750398636,False,-4.76837158203125e-07,0.9997826218605042,0.9997830986976624,0.00445706769824028,1.0011016130447388,True,44,True,source_040,gated,complete
False,True,True,random_method,True,True,False,True,True,True,False,True,,,0.06977728009223938,0.1373775750398636,False,-7.152557373046875e-07,0.999782383441925,0.9997830986976624,0.01337767206132412,0.9979442954063416,True,44,True,source_040,gated,complete
False,True,True,latent_cosine,True,True,False,True,True,True,False,True,,,0.028242114931344986,0.13755634427070618,False,-2.5033950805664062e-06,0.9996218681335449,0.9996243715286255,0.008295907638967037,1.0001153945922852,True,44,True,source_050,gated,complete
False,True,True,semantics_preserving,True,True,False,True,True,True,False,True,,,-0.056126780807971954,0.13755634427070618,False,-2.384185791015625e-07,0.9996241331100464,0.9996243715286255,0.008995155803859234,1.0057917833328247,True,44,True,source_050,gated,complete
False,True,True,destructive_upper,True,True,False,True,True,True,False,True,,,0.0243302620947361,0.13755634427070618,False,-3.916025161743164e-05,0.9995852112770081,0.9996243715286255,0.6999602317810059,5.161935329437256,True,44,True,source_050,gated,complete
False,True,True,random_direction,True,True,False,True,True,True,False,True,,,-0.044656507670879364,0.13755634427070618,False,-1.1920928955078125e-06,0.99962317943573,0.9996243715286255,0.006087797228246927,1.0029513835906982,True,44,True,source_050,gated,complete
False,True,True,random_method,True,True,False,True,True,True,False,True,,,0.007167631760239601,0.13755634427070618,False,-1.1920928955078125e-07,0.9996242523193359,0.9996243715286255,0.045420143753290176,1.050853967666626,True,44,True,source_050,gated,complete
False,False,True,latent_cosine,False,False,False,True,True,False,False,True,,,0.06890231370925903,0.1376335769891739,False,0.0,1.0,1.0,0.01040607038885355,0.9976459741592407,True,44,False,source_011,gated,complete
False,False,True,semantics_preserving,False,False,False,True,True,False,False,True,,,-0.040142614394426346,0.1376335769891739,False,0.0,1.0,1.0,0.010939124971628189,1.00632905960083,True,44,False,source_011,gated,complete
False,False,True,destructive_upper,False,False,False,True,True,False,False,True,,,0.03124605119228363,0.1376335769891739,False,0.0,1.0,1.0,0.4413110017776489,3.3287761211395264,True,44,False,source_011,gated,complete
False,False,True,random_direction,False,False,False,True,True,False,False,True,,,-0.040142614394426346,0.1376335769891739,False,0.0,1.0,1.0,0.010939124971628189,1.00632905960083,True,44,False,source_011,gated,complete
False,False,True,random_method,False,False,False,True,True,False,False,True,,,0.04124843701720238,0.1376335769891739,False,0.0,1.0,1.0,0.2922073304653168,2.309183359146118,True,44,False,source_011,gated,complete
False,False,True,latent_cosine,False,False,False,True,True,False,False,True,,,0.04155272617936134,0.13753585517406464,False,0.0,1.0,1.0,0.004607215523719788,0.999168872833252,True,44,False,source_032,gated,complete
False,False,True,semantics_preserving,False,False,False,True,True,False,False,True,,,-0.057179730385541916,0.13753585517406464,False,0.0,1.0,1.0,0.005142617970705032,1.0028332471847534,True,44,False,source_032,gated,complete
False,False,True,destructive_upper,False,False,False,True,True,False,False,True,,,0.02568928711116314,0.13753585517406464,False,0.0,1.0,1.0,0.7060444951057434,5.204746246337891,True,44,False,source_032,gated,complete
False,False,True,random_direction,False,False,False,True,True,False,False,True,,,-0.04686988517642021,0.13753585517406464,False,0.0,1.0,1.0,0.003903401782736182,1.001731514930725,True,44,False,source_032,gated,complete
False,False,True,random_method,False,False,False,True,True,False,False,True,,,0.013650601729750633,0.13753585517406464,False,0.0,1.0,1.0,0.2863616347312927,2.29744291305542,True,44,False,source_032,gated,complete
False,False,True,latent_cosine,False,False,False,True,True,False,False,True,,,0.041535839438438416,0.13753807544708252,False,8.023096076392733e-17,3.232517552242964e-12,3.2324373212822e-12,0.004607215523719788,0.9991693496704102,True,44,False,source_009,gated,complete
False,False,True,semantics_preserving,False,False,False,True,True,False,False,True,,,-0.05716141313314438,0.13753807544708252,False,2.220446049250313e-16,3.232659365887125e-12,3.2324373212822e-12,0.005142617970705032,1.002832293510437,True,44,False,source_009,gated,complete
False,False,True,destructive_upper,False,False,False,True,True,False,False,True,,,0.025707684457302094,0.13753807544708252,False,7.234078787388132e-14,3.3047781091560813e-12,3.2324373212822e-12,0.7060444951057434,5.204646587371826,True,44,False,source_009,gated,complete
False,False,True,random_direction,False,False,False,True,True,False,False,True,,,-0.05716141313314438,0.13753807544708252,False,2.220446049250313e-16,3.232659365887125e-12,3.2324373212822e-12,0.005142617970705032,1.002832293510437,True,44,False,source_009,gated,complete
False,False,True,random_method,False,False,False,True,True,False,False,True,,,0.010542836040258408,0.13753807544708252,False,-1.8431436932253575e-17,3.2324188898452677e-12,3.2324373212822e-12,0.08384796977043152,1.1656757593154907,True,44,False,source_009,gated,complete
False,True,True,latent_cosine,True,True,False,True,True,True,False,True,,,0.028274687007069588,0.13755632936954498,False,-2.5033950805664062e-06,0.9996218681335449,0.9996243715286255,0.008295907638967037,1.0001133680343628,True,44,True,source_047,gated,complete
False,True,True,semantics_preserving,True,True,False,True,True,True,False,True,,,-0.0561189241707325,0.13755632936954498,False,-2.384185791015625e-07,0.9996241331100464,0.9996243715286255,0.008995155803859234,1.0057910680770874,True,44,True,source_047,gated,complete
False,True,True,destructive_upper,True,True,False,True,True,True,False,True,,,0.024337003007531166,0.13755632936954498,False,-3.916025161743164e-05,0.9995852112770081,0.9996243715286255,0.6999602317810059,5.161929130554199,True,44,True,source_047,gated,complete
False,True,True,random_direction,True,True,False,True,True,True,False,True,,,-0.04463376849889755,0.13755632936954498,False,-1.1920928955078125e-06,0.99962317943573,0.9996243715286255,0.006087797228246927,1.0029504299163818,True,44,True,source_047,gated,complete
False,True,True,random_method,True,True,False,True,True,True,False,True,,,0.009069699794054031,0.13755632936954498,False,-2.384185791015625e-07,0.9996241331100464,0.9996243715286255,0.29105475544929504,2.332087278366089,True,44,True,source_047,gated,complete
False,True,True,latent_cosine,True,True,False,True,True,True,False,True,,,0.07780465483665466,0.1375589221715927,False,-2.0265579223632812e-06,0.9997723698616028,0.9997743964195251,0.005374187603592873,0.9977209568023682,True,44,True,source_057,gated,complete
False,True,True,semantics_preserving,True,True,False,True,True,True,False,True,,,-0.024808675050735474,0.1375589221715927,False,-5.960464477539062e-07,0.9997738003730774,0.9997743964195251,0.005935857072472572,1.0019996166229248,True,44,True,source_057,gated,complete
,,,destructive_upper,,,,,,,,,,constructor_excluded_from_destructive_upper_bound,,,,,,,,,,44,,source_057,,ineligible
False,True,True,random_direction,True,True,False,True,True,True,False,True,,,0.07780465483665466,0.1375589221715927,False,-2.0265579223632812e-06,0.9997723698616028,0.9997743964195251,0.005374187603592873,0.9977209568023682,True,44,True,source_057,gated,complete
False,True,True,random_method,True,True,False,True,True,True,False,True,,,0.05378769710659981,0.1375589221715927,False,-8.344650268554688e-07,0.9997735619544983,0.9997743964195251,0.28207409381866455,2.232541799545288,True,44,True,source_057,gated,complete
False,False,True,latent_cosine,False,False,False,True,True,False,False,True,,,0.04155372083187103,0.1375357210636139,False,8.673617379884035e-16,3.249171764974079e-11,3.2490850288002804e-11,0.004607215523719788,0.999168872833252,True,44,False,source_023,gated,complete
False,False,True,semantics_preserving,False,False,False,True,True,False,False,True,,,-0.05718106031417847,0.1375357210636139,False,2.6055546609171643e-15,3.249345584266372e-11,3.2490850288002804e-11,0.005142617970705032,1.0028332471847534,True,44,False,source_023,gated,complete
False,False,True,destructive_upper,False,False,False,True,True,False,False,True,,,0.025688422843813896,0.1375357210636139,False,7.558467740587105e-13,3.3246697062061514e-11,3.2490850288002804e-11,0.7060444951057434,5.204751968383789,True,44,False,source_023,gated,complete
False,False,True,random_direction,False,False,False,True,True,False,False,True,,,0.04155372083187103,0.1375357210636139,False,8.673617379884035e-16,3.249171764974079e-11,3.2490850288002804e-11,0.004607215523719788,0.999168872833252,True,44,False,source_023,gated,complete
False,False,True,random_method,False,False,False,True,True,False,False,True,,,0.01060410961508751,0.1375357210636139,False,-4.3368086899420177e-16,3.249041660713381e-11,3.2490850288002804e-11,0.16597452759742737,1.5590734481811523,True,44,False,source_023,gated,complete
False,True,True,latent_cosine,True,True,False,True,True,True,False,True,,,0.0779101625084877,0.13754436373710632,False,-2.0265579223632812e-06,0.9997768998146057,0.9997789263725281,0.005374187603592873,0.9977166652679443,True,44,True,source_020,gated,complete
False,True,True,semantics_preserving,True,True,False,True,True,True,False,True,,,-0.02515360899269581,0.13754436373710632,False,-5.960464477539062e-07,0.9997783303260803,0.9997789263725281,0.005935857072472572,1.0020148754119873,True,44,True,source_020,gated,complete
,,,destructive_upper,,,,,,,,,,constructor_excluded_from_destructive_upper_bound,,,,,,,,,,44,,source_020,,ineligible
False,True,True,random_direction,True,True,False,True,True,True,False,True,,,-0.02515360899269581,0.13754436373710632,False,-5.960464477539062e-07,0.9997783303260803,0.9997789263725281,0.005935857072472572,1.0020148754119873,True,44,True,source_020,gated,complete
False,True,True,random_method,True,True,False,True,True,True,False,True,,,0.06556830555200577,0.13754436373710632,False,-1.6689300537109375e-06,0.9997772574424744,0.9997789263725281,0.007290053181350231,0.9979273080825806,True,44,True,source_020,gated,complete
False,True,True,latent_cosine,True,True,False,True,True,True,False,True,,,0.028271665796637535,0.1375562846660614,False,-2.5033950805664062e-06,0.9996218681335449,0.9996243715286255,0.008295907638967037,1.000113606452942,True,44,True,source_034,gated,complete
False,True,True,semantics_preserving,True,True,False,True,True,True,False,True,,,-0.05611911788582802,0.1375562846660614,False,-2.384185791015625e-07,0.9996241331100464,0.9996243715286255,0.008995155803859234,1.005791187286377,True,44,True,source_034,gated,complete
False,True,True,destructive_upper,True,True,False,True,True,True,False,True,,,0.024336304515600204,0.1375562846660614,False,-3.916025161743164e-05,0.9995852112770081,0.9996243715286255,0.6999602317810059,5.161931037902832,True,44,True,source_034,gated,complete
False,True,True,random_direction,True,True,False,True,True,True,False,True,,,-0.048357296735048294,0.1375562846660614,False,2.384185791015625e-07,0.9996246099472046,0.9996243715286255,0.007039302494376898,1.0037769079208374,True,44,True,source_034,gated,complete
False,True,True,random_method,True,True,False,True,True,True,False,True,,,0.0066715446300804615,0.1375562846660614,False,-1.1920928955078125e-07,0.9996242523193359,0.9996243715286255,0.01626947522163391,1.0061863660812378,True,44,True,source_034,gated,complete
False,True,True,latent_cosine,True,True,False,True,True,True,False,True,,,0.07995323836803436,0.13737618923187256,False,-2.2649765014648438e-06,0.9997808337211609,0.9997830986976624,0.005374187603592873,0.9976345896720886,True,44,True,source_041,gated,complete
False,True,True,semantics_preserving,True,True,False,True,True,True,False,True,,,-0.023954905569553375,0.13737618923187256,False,-7.152557373046875e-07,0.999782383441925,0.9997830986976624,0.005935857072472572,1.0019667148590088,True,44,True,source_041,gated,complete
,,,destructive_upper,,,,,,,,,,constructor_excluded_from_destructive_upper_bound,,,,,,,,,,44,,source_041,,ineligible
False,True,True,random_direction,True,True,False,True,True,True,False,True,,,-0.01773950643837452,0.13737618923187256,False,-4.76837158203125e-07,0.9997826218605042,0.9997830986976624,0.00445706769824028,1.0011011362075806,True,44,True,source_041,gated,complete
False,True,True,random_method,True,True,False,True,True,True,False,True,,,0.053196582943201065,0.13737618923187256,False,-1.1920928955078125e-07,0.9997829794883728,0.9997830986976624,0.2909274995326996,2.293365001678467,True,44,True,source_041,gated,complete
,,,latent_cosine,,,,,,,,,invalid_source_apk_zip,,,,,,,,,,,44,,source_016,scored,failed
,,,semantics_preserving,,,,,,,,,invalid_source_apk_zip,,,,,,,,,,,44,,source_016,scored,failed
,,,destructive_upper,,,,,,,,,invalid_source_apk_zip,,,,,,,,,,,44,,source_016,scored,failed
,,,random_direction,,,,,,,,,invalid_source_apk_zip,,,,,,,,,,,44,,source_016,scored,failed
,,,random_method,,,,,,,,,invalid_source_apk_zip,,,,,,,,,,,44,,source_016,scored,failed
False,False,True,latent_cosine,False,False,False,True,True,False,False,True,,,0.04154181480407715,0.1375371813774109,False,0.0,0.9999995231628418,0.9999995231628418,0.004607215523719788,0.9991692304611206,True,44,False,source_002,gated,complete
False,False,True,semantics_preserving,False,False,False,True,True,False,False,True,,,-0.05716921389102936,0.1375371813774109,False,0.0,0.9999995231628418,0.9999995231628418,0.005142617970705032,1.0028327703475952,True,44,False,source_002,gated,complete
False,False,True,destructive_upper,False,False,False,True,True,False,False,True,,,0.025699861347675323,0.1375371813774109,False,0.0,0.9999995231628418,0.9999995231628418,0.7060444951057434,5.204686641693115,True,44,False,source_002,gated,complete
False,False,True,random_direction,False,False,False,True,True,False,False,True,,,0.04154181480407715,0.1375371813774109,False,0.0,0.9999995231628418,0.9999995231628418,0.004607215523719788,0.9991692304611206,True,44,False,source_002,gated,complete
False,False,True,random_method,False,False,False,True,True,False,False,True,,,0.038987934589385986,0.1375371813774109,False,0.0,0.9999995231628418,0.9999995231628418,0.06443943083286285,1.0876493453979492,True,44,False,source_002,gated,complete
False,True,True,latent_cosine,True,True,False,True,True,True,False,True,,,0.06625231355428696,0.1374712586402893,False,-1.1444091796875e-05,0.9994297623634338,0.9994412064552307,0.006013000383973122,0.9980568289756775,True,44,True,source_056,gated,complete
False,True,True,semantics_preserving,True,True,False,True,True,True,False,True,,,-0.03935300558805466,0.1374712586402893,False,-4.5299530029296875e-06,0.9994366765022278,0.9994412064552307,0.00655018724501133,1.0030056238174438,True,44,True,source_056,gated,complete
False,True,False,destructive_upper,True,False,False,True,True,True,False,True,,,0.039479609578847885,0.1374712586402893,False,-0.001505434513092041,0.9979357719421387,0.9994412064552307,0.7104515433311462,5.224956512451172,True,44,True,source_056,gated,complete
False,True,True,random_direction,True,True,False,True,True,True,False,True,,,-0.031425006687641144,0.1374712586402893,False,-3.0994415283203125e-06,0.9994381070137024,0.9994412064552307,0.004944542422890663,1.0017755031585693,True,44,True,source_056,gated,complete
False,True,True,random_method,True,True,False,True,True,True,False,True,,,0.04926897957921028,0.1374712586402893,False,-7.152557373046875e-07,0.9994404911994934,0.9994412064552307,0.2597823143005371,2.0939998626708984,True,44,True,source_056,gated,complete
False,True,True,latent_cosine,True,True,False,True,True,True,False,True,,,0.06877350062131882,0.13751158118247986,False,-1.2755393981933594e-05,0.9990781545639038,0.9990909099578857,0.006023868452757597,0.9979447722434998,True,44,True,source_027,gated,complete
False,True,True,semantics_preserving,True,True,False,True,True,True,False,True,,,-0.04957536607980728,0.13751158118247986,False,-5.125999450683594e-06,0.9990857839584351,0.9990909099578857,0.006502043921500444,1.0034561157226562,True,44,True,source_027,gated,complete
,,,destructive_upper,,,,,,,,,,constructor_excluded_from_destructive_upper_bound,,,,,,,,,,44,,source_027,,ineligible
False,True,True,random_direction,True,True,False,True,True,True,False,True,,,0.06877350062131882,0.13751158118247986,False,-1.2755393981933594e-05,0.9990781545639038,0.9990909099578857,0.006023868452757597,0.9979447722434998,True,44,True,source_027,gated,complete
False,True,True,random_method,True,True,False,True,True,True,False,True,,,0.03292251005768776,0.13751158118247986,False,-9.5367431640625e-07,0.9990899562835693,0.9990909099578857,0.2868492007255554,2.283428192138672,True,44,True,source_027,gated,complete
False,False,True,latent_cosine,False,False,False,True,True,False,False,True,,,0.09258826822042465,0.13711974024772644,False,-0.0004409700632095337,0.14926937222480774,0.14971034228801727,0.0037051853723824024,0.9978609681129456,True,44,False,source_070,gated,complete
False,False,True,semantics_preserving,False,False,False,True,True,False,False,True,,,0.001843816600739956,0.13711974024772644,False,-0.00024233758449554443,0.14946800470352173,0.14971034228801727,0.003967867698520422,1.0003652572631836,True,44,False,source_070,gated,complete
False,False,True,destructive_upper,False,False,False,True,True,False,False,True,,,0.009316920302808285,0.13711974024772644,False,0.009273037314414978,0.15898337960243225,0.14971034228801727,0.7139726281166077,5.292927265167236,True,44,False,source_070,gated,complete
False,False,True,random_direction,False,False,False,True,True,False,False,True,,,0.001843816600739956,0.13711974024772644,False,-0.00024233758449554443,0.14946800470352173,0.14971034228801727,0.003967867698520422,1.0003652572631836,True,44,False,source_070,gated,complete
False,False,True,random_method,False,False,False,True,True,False,False,True,,,0.020728401839733124,0.13711974024772644,False,-1.3113021850585938e-06,0.14970903098583221,0.14971034228801727,0.022533563897013664,1.010046124458313,True,44,False,source_070,gated,complete
False,True,True,latent_cosine,True,True,False,True,True,True,False,True,,,0.07225235551595688,0.13731026649475098,False,1.3768672943115234e-05,0.8370359539985657,0.8370221853256226,0.0021758880466222763,0.9989799857139587,True,44,True,source_001,gated,complete
False,True,True,semantics_preserving,True,True,False,True,True,True,False,True,,,-0.014097141101956367,0.13731026649475098,False,-6.556510925292969e-07,0.83702152967453,0.8370221853256226,0.0038255895487964153,1.000780463218689,True,44,True,source_001,gated,complete
False,True,True,destructive_upper,True,True,False,True,True,True,False,True,,,-0.0035307316575199366,0.13731026649475098,False,0.0018201470375061035,0.8388423323631287,0.8370221853256226,0.7435547113418579,5.510173320770264,True,44,True,source_001,gated,complete
False,True,True,random_direction,True,True,False,True,True,True,False,True,,,0.0012503840262070298,0.13731026649475098,False,-2.8014183044433594e-06,0.8370193839073181,0.8370221853256226,0.0032254697289317846,1.000246524810791,True,44,True,source_001,gated,complete
False,True,True,random_method,True,True,False,True,True,True,False,True,,,0.024724675342440605,0.13731026649475098,False,-3.337860107421875e-06,0.8370188474655151,0.8370221853256226,0.06573191285133362,1.0979491472244263,True,44,True,source_001,gated,complete
False,True,True,latent_cosine,True,True,False,True,True,True,False,True,,,0.07791811227798462,0.13754351437091827,False,-2.0265579223632812e-06,0.9997768998146057,0.9997789263725281,0.005374187603592873,0.9977163672447205,True,44,True,source_058,gated,complete
False,True,True,semantics_preserving,True,True,False,True,True,True,False,True,,,-0.0251412782818079,0.13754351437091827,False,-5.960464477539062e-07,0.9997783303260803,0.9997789263725281,0.005935857072472572,1.0020142793655396,True,44,True,source_058,gated,complete
,,,destructive_upper,,,,,,,,,,constructor_excluded_from_destructive_upper_bound,,,,,,,,,,44,,source_058,,ineligible
False,True,True,random_direction,True,True,False,True,True,True,False,True,,,-0.02012513391673565,0.13754351437091827,False,-3.5762786865234375e-07,0.9997785687446594,0.9997789263725281,0.00445706769824028,1.0011765956878662,True,44,True,source_058,gated,complete
False,True,True,random_method,True,True,False,True,True,True,False,True,,,0.0594240240752697,0.13754351437091827,False,-2.384185791015625e-07,0.999778687953949,0.9997789263725281,0.2970716655254364,2.3255550861358643,True,44,True,source_058,gated,complete
False,True,True,latent_cosine,True,True,False,True,True,True,False,True,,,0.05059906840324402,0.13742396235466003,False,-1.5441328287124634e-06,0.011703826487064362,0.011705370619893074,0.005462718661874533,0.9987779855728149,True,44,True,source_005,gated,complete
False,True,True,semantics_preserving,True,True,False,True,True,True,False,True,,,-0.04425544664263725,0.13742396235466003,False,-7.171183824539185e-08,0.011705298908054829,0.011705370619893074,0.005862307269126177,1.0027939081192017,True,44,True,source_005,gated,complete
False,True,True,destructive_upper,True,True,False,True,True,True,False,True,,,0.03807728365063667,0.13742396235466003,False,-5.573127418756485e-05,0.01164963934570551,0.011705370619893074,0.7285780906677246,5.357619285583496,True,44,True,source_005,gated,complete
False,True,True,random_direction,True,True,False,True,True,True,False,True,,,-0.026013584807515144,0.13742396235466003,False,-3.641471266746521e-07,0.0117050064727664,0.011705370619893074,0.004478823859244585,1.001378059387207,True,44,True,source_005,gated,complete
False,True,True,random_method,True,True,False,True,True,True,False,True,,,0.004741343203932047,0.13742396235466003,False,1.8184073269367218e-05,0.011723554693162441,0.011705370619893074,0.13900373876094818,1.418989658355713,True,44,True,source_005,gated,complete
False,True,True,latent_cosine,True,True,False,True,True,True,False,True,,,0.07790423929691315,0.13754487037658691,False,-2.0265579223632812e-06,0.9997768998146057,0.9997789263725281,0.005374187603592873,0.9977167844772339,True,44,True,source_069,gated,complete
False,True,True,semantics_preserving,True,True,False,True,True,True,False,True,,,-0.025163792073726654,0.13754487037658691,False,-5.960464477539062e-07,0.9997783303260803,0.9997789263725281,0.005935857072472572,1.0020151138305664,True,44,True,source_069,gated,complete
,,,destructive_upper,,,,,,,,,,constructor_excluded_from_destructive_upper_bound,,,,,,,,,,44,,source_069,,ineligible
False,True,True,random_direction,True,True,False,True,True,True,False,True,,,-0.025163792073726654,0.13754487037658691,False,-5.960464477539062e-07,0.9997783303260803,0.9997789263725281,0.005935857072472572,1.0020151138305664,True,44,True,source_069,gated,complete
False,True,True,random_method,True,True,False,True,True,True,False,True,,,0.06635892391204834,0.13754487037658691,False,-4.76837158203125e-07,0.9997784495353699,0.9997789263725281,0.007636142894625664,0.9978547096252441,True,44,True,source_069,gated,complete
False,True,True,latent_cosine,True,True,False,True,True,True,False,True,,,0.07224641740322113,0.13731113076210022,False,1.354515552520752e-05,0.16167758405208588,0.16166403889656067,0.0021758880466222763,0.9989802241325378,True,44,True,source_004,gated,complete
False,True,True,semantics_preserving,True,True,False,True,True,True,False,True,,,-0.014098549261689186,0.13731113076210022,False,-6.705522537231445e-07,0.16166336834430695,0.16166403889656067,0.0038255895487964153,1.0007805824279785,True,44,True,source_004,gated,complete
False,True,True,destructive_upper,True,True,False,True,True,True,False,True,,,-0.003534627379849553,0.13731113076210022,False,0.0016530007123947144,0.16331703960895538,0.16166403889656067,0.7435547113418579,5.510143756866455,True,44,True,source_004,gated,complete
False,True,True,random_direction,True,True,False,True,True,True,False,True,,,0.07224641740322113,0.13731113076210022,False,1.354515552520752e-05,0.16167758405208588,0.16166403889656067,0.0021758880466222763,0.9989802241325378,True,44,True,source_004,gated,complete
False,True,True,random_method,True,True,False,True,True,True,False,True,,,0.017743758857250214,0.13731113076210022,False,-8.434057235717773e-06,0.16165560483932495,0.16166403889656067,0.06033610552549362,1.0851216316223145,True,44,True,source_004,gated,complete
False,True,True,latent_cosine,True,True,False,True,True,True,False,True,,,0.0576460175216198,0.13708753883838654,False,0.0,1.0,1.0,0.0036709236446768045,0.9988142251968384,True,44,True,source_055,gated,complete
False,True,True,semantics_preserving,True,True,False,True,True,True,False,True,,,-0.026785356923937798,0.13708753883838654,False,0.0,1.0,1.0,0.0038321036845445633,1.0011389255523682,True,44,True,source_055,gated,complete
,,,destructive_upper,,,,,,,,,,constructor_excluded_from_destructive_upper_bound,,,,,,,,,,44,,source_055,,ineligible
False,True,True,random_direction,True,True,False,True,True,True,False,True,,,-0.026785356923937798,0.13708753883838654,False,0.0,1.0,1.0,0.0038321036845445633,1.0011389255523682,True,44,True,source_055,gated,complete
False,True,True,random_method,True,True,False,True,True,True,False,True,,,0.05022531375288963,0.13708753883838654,False,0.0,1.0,1.0,0.008880403824150562,0.9988439679145813,True,44,True,source_055,gated,complete
False,True,True,latent_cosine,True,True,False,True,True,True,False,True,,,0.07790952920913696,0.13754431903362274,False,-2.0265579223632812e-06,0.9997768998146057,0.9997789263725281,0.005374187603592873,0.9977166056632996,True,44,True,source_046,gated,complete
False,True,True,semantics_preserving,True,True,False,True,True,True,False,True,,,-0.025153057649731636,0.13754431903362274,False,-5.960464477539062e-07,0.9997783303260803,0.9997789263725281,0.005935857072472572,1.0020147562026978,True,44,True,source_046,gated,complete
,,,destructive_upper,,,,,,,,,,constructor_excluded_from_destructive_upper_bound,,,,,,,,,,44,,source_046,,ineligible
False,True,True,random_direction,True,True,False,True,True,True,False,True,,,-0.02013314701616764,0.13754431903362274,False,-3.5762786865234375e-07,0.9997785687446594,0.9997789263725281,0.00445706769824028,1.0011767148971558,True,44,True,source_046,gated,complete
False,True,True,random_method,True,True,False,True,True,True,False,True,,,0.0731426328420639,0.13754431903362274,False,-3.933906555175781e-06,0.9997749924659729,0.9997789263725281,0.04367484897375107,1.0268285274505615,True,44,True,source_046,gated,complete
False,False,True,latent_cosine,False,False,False,True,True,False,False,True,,,0.06890853494405746,0.1376318335533142,False,0.0,1.0,1.0,0.01040607038885355,0.9976454973220825,True,44,False,source_066,gated,complete
False,False,True,semantics_preserving,False,False,False,True,True,False,False,True,,,-0.040113866329193115,0.1376318335533142,False,0.0,1.0,1.0,0.010939124971628189,1.0063270330429077,True,44,False,source_066,gated,complete
False,False,True,destructive_upper,False,False,False,True,True,False,False,True,,,0.03126441314816475,0.1376318335533142,False,0.0,1.0,1.0,0.4413110017776489,3.3287973403930664,True,44,False,source_066,gated,complete
False,False,True,random_direction,False,False,False,True,True,False,False,True,,,-0.020321954041719437,0.1376318335533142,False,0.0,1.0,1.0,0.008469530381262302,1.0031391382217407,True,44,False,source_066,gated,complete
False,False,True,random_method,False,False,False,True,True,False,False,True,,,0.015129984356462955,0.1376318335533142,False,0.0,1.0,1.0,0.27545759081840515,2.223752737045288,True,44,False,source_066,gated,complete
False,False,True,latent_cosine,False,False,False,True,True,False,False,True,,,0.09259264171123505,0.13711944222450256,False,-0.0004412233829498291,0.14946898818016052,0.14991021156311035,0.0037051853723824024,0.9978607892990112,True,44,False,source_024,gated,complete
False,False,True,semantics_preserving,False,False,False,True,True,False,False,True,,,0.0018513238755986094,0.13711944222450256,False,-0.00024253129959106445,0.1496676802635193,0.14991021156311035,0.003967867698520422,1.000365138053894,True,44,False,source_024,gated,complete
False,False,True,destructive_upper,False,False,False,True,True,False,False,True,,,0.009312394075095654,0.13711944222450256,False,0.009290456771850586,0.15920066833496094,0.14991021156311035,0.7139726281166077,5.292942523956299,True,44,False,source_024,gated,complete
,,,random_direction,,,,,,,,,materialization_invalid_register,,,,,,,,,,,44,,source_024,,failed
False,False,True,random_method,False,False,False,True,True,False,False,True,,,0.041988641023635864,0.13711944222450256,False,-2.5480985641479492e-06,0.1499076634645462,0.14991021156311035,0.2643187344074249,2.134002923965454,True,44,False,source_024,gated,complete
False,True,True,latent_cosine,True,True,False,True,True,True,False,True,,,0.07789591699838638,0.1375458985567093,False,-2.0265579223632812e-06,0.9997768998146057,0.9997789263725281,0.005374187603592873,0.9977172613143921,True,44,True,source_028,gated,complete
False,True,True,semantics_preserving,True,True,False,True,True,True,False,True,,,-0.02517690509557724,0.1375458985567093,False,-5.960464477539062e-07,0.9997783303260803,0.9997789263725281,0.005935857072472572,1.0020158290863037,True,44,True,source_028,gated,complete
,,,destructive_upper,,,,,,,,,,constructor_excluded_from_destructive_upper_bound,,,,,,,,,,44,,source_028,,ineligible
False,True,True,random_direction,True,True,False,True,True,True,False,True,,,0.07789591699838638,0.1375458985567093,False,-2.0265579223632812e-06,0.9997768998146057,0.9997789263725281,0.005374187603592873,0.9977172613143921,True,44,True,source_028,gated,complete
False,True,True,random_method,True,True,False,True,True,True,False,True,,,0.05109388381242752,0.1375458985567093,False,-1.1920928955078125e-07,0.9997788071632385,0.9997789263725281,0.2909274995326996,2.2929534912109375,True,44,True,source_028,gated,complete
False,True,True,latent_cosine,True,True,False,True,True,True,False,True,,,0.0778796598315239,0.13754215836524963,False,-2.6226043701171875e-06,0.9997554421424866,0.9997580647468567,0.005374187603592873,0.9977178573608398,True,44,True,source_068,gated,complete
False,True,True,semantics_preserving,True,True,False,True,True,True,False,True,,,-0.025265857577323914,0.13754215836524963,False,-8.344650268554688e-07,0.9997572302818298,0.9997580647468567,0.005935857072472572,1.0020196437835693,True,44,True,source_068,gated,complete
,,,destructive_upper,,,,,,,,,,constructor_excluded_from_destructive_upper_bound,,,,,,,,,,44,,source_068,,ineligible
False,True,True,random_direction,True,True,False,True,True,True,False,True,,,-0.025265857577323914,0.13754215836524963,False,-8.344650268554688e-07,0.9997572302818298,0.9997580647468567,0.005935857072472572,1.0020196437835693,True,44,True,source_068,gated,complete
False,True,True,random_method,True,True,False,True,True,True,False,True,,,0.06557146459817886,0.13754215836524963,False,-2.384185791015625e-06,0.9997556805610657,0.9997580647468567,0.2785036265850067,2.1987524032592773,True,44,True,source_068,gated,complete
False,False,True,latent_cosine,False,False,False,True,True,False,False,True,,,0.09257769584655762,0.13712050020694733,False,-0.0004412233829498291,0.14946898818016052,0.14991021156311035,0.0037051853723824024,0.9978612065315247,True,44,False,source_007,gated,complete
False,False,True,semantics_preserving,False,False,False,True,True,False,False,True,,,0.0018582935445010662,0.13712050020694733,False,-0.00024253129959106445,0.1496676802635193,0.14991021156311035,0.003967867698520422,1.000364899635315,True,44,False,source_007,gated,complete
False,False,True,destructive_upper,False,False,False,True,True,False,False,True,,,0.00930552277714014,0.13712050020694733,False,0.009290456771850586,0.15920066833496094,0.14991021156311035,0.7139726281166077,5.292910099029541,True,44,False,source_007,gated,complete
False,False,True,random_direction,False,False,False,True,True,False,False,True,,,0.03597565367817879,0.13712050020694733,False,-0.0003450363874435425,0.1495651751756668,0.14991021156311035,0.0031943300273269415,0.999433159828186,True,44,False,source_007,gated,complete
False,False,True,random_method,False,False,False,True,True,False,False,True,,,0.019229525700211525,0.13712050020694733,False,0.0003765970468521118,0.15028680860996246,0.14991021156311035,0.20828205347061157,1.8024579286575317,True,44,False,source_007,gated,complete
False,True,True,latent_cosine,True,True,False,True,True,True,False,True,,,0.07783612608909607,0.1375478208065033,False,-2.5033950805664062e-06,0.9997569918632507,0.9997594952583313,0.005374187603592873,0.9977196455001831,True,44,True,source_013,gated,complete
False,True,True,semantics_preserving,True,True,False,True,True,True,False,True,,,-0.025461435317993164,0.1375478208065033,False,-7.152557373046875e-07,0.999758780002594,0.9997594952583313,0.005935857072472572,1.002027988433838,True,44,True,source_013,gated,complete
,,,destructive_upper,,,,,,,,,,constructor_excluded_from_destructive_upper_bound,,,,,,,,,,44,,source_013,,ineligible
False,True,True,random_direction,True,True,False,True,True,True,False,True,,,-0.025461435317993164,0.1375478208065033,False,-7.152557373046875e-07,0.999758780002594,0.9997594952583313,0.005935857072472572,1.002027988433838,True,44,True,source_013,gated,complete
False,True,True,random_method,True,True,False,True,True,True,False,True,,,0.06425433605909348,0.1375478208065033,False,-2.6226043701171875e-06,0.9997568726539612,0.9997594952583313,0.13508673012256622,1.3558486700057983,True,44,True,source_013,gated,complete
False,True,True,latent_cosine,True,True,False,True,True,True,False,True,,,0.07791677862405777,0.1375434398651123,False,-2.0265579223632812e-06,0.9997768998146057,0.9997789263725281,0.005374187603592873,0.9977163672447205,True,44,True,source_060,gated,complete
False,True,True,semantics_preserving,True,True,False,True,True,True,False,True,,,-0.025142716243863106,0.1375434398651123,False,-5.960464477539062e-07,0.9997783303260803,0.9997789263725281,0.005935857072472572,1.0020142793655396,True,44,True,source_060,gated,complete
,,,destructive_upper,,,,,,,,,,constructor_excluded_from_destructive_upper_bound,,,,,,,,,,44,,source_060,,ineligible
False,True,True,random_direction,True,True,False,True,True,True,False,True,,,-0.025142716243863106,0.1375434398651123,False,-5.960464477539062e-07,0.9997783303260803,0.9997789263725281,0.005935857072472572,1.0020142793655396,True,44,True,source_060,gated,complete
False,True,True,random_method,True,True,False,True,True,True,False,True,,,0.059786539524793625,0.1375434398651123,False,-7.152557373046875e-07,0.9997782111167908,0.9997789263725281,0.039206940680742264,1.0233131647109985,True,44,True,source_060,gated,complete
False,True,True,latent_cosine,True,True,False,True,True,True,False,True,,,0.08002995699644089,0.13738885521888733,False,-8.344650268554688e-07,0.9999351501464844,0.9999359846115112,0.005374187603592873,0.9976317882537842,True,44,True,source_043,gated,complete
False,True,True,semantics_preserving,True,True,False,True,True,True,False,True,,,-0.02379155158996582,0.13738885521888733,False,-2.384185791015625e-07,0.9999357461929321,0.9999359846115112,0.005935857072472572,1.0019594430923462,True,44,True,source_043,gated,complete
,,,destructive_upper,,,,,,,,,,constructor_excluded_from_destructive_upper_bound,,,,,,,,,,44,,source_043,,ineligible
False,True,True,random_direction,True,True,False,True,True,True,False,True,,,-0.02379155158996582,0.13738885521888733,False,-2.384185791015625e-07,0.9999357461929321,0.9999359846115112,0.005935857072472572,1.0019594430923462,True,44,True,source_043,gated,complete
False,True,True,random_method,True,True,False,True,True,True,False,True,,,0.04697606340050697,0.13738885521888733,False,-1.1920928955078125e-07,0.9999358654022217,0.9999359846115112,0.08100790530443192,1.1367766857147217,True,44,True,source_043,gated,complete
False,True,True,latent_cosine,True,True,False,True,True,True,False,True,,,0.07218589633703232,0.1373206377029419,False,7.323920726776123e-06,0.08577798306941986,0.08577065914869308,0.0021758880466222763,0.9989812970161438,True,44,True,source_006,gated,complete
False,True,True,semantics_preserving,True,True,False,True,True,True,False,True,,,-0.014113190583884716,0.1373206377029419,False,-8.195638656616211e-07,0.08576983958482742,0.08577065914869308,0.0038255895487964153,1.0007809400558472,True,44,True,source_006,gated,complete
False,True,True,destructive_upper,True,True,False,True,True,True,False,True,,,-0.003571677953004837,0.1373206377029419,False,0.0008688047528266907,0.08663946390151978,0.08577065914869308,0.7435547113418579,5.5098114013671875,True,44,True,source_006,gated,complete
False,True,True,random_direction,True,True,False,True,True,True,False,True,,,0.07218589633703232,0.1373206377029419,False,7.323920726776123e-06,0.08577798306941986,0.08577065914869308,0.0021758880466222763,0.9989812970161438,True,44,True,source_006,gated,complete
False,True,True,random_method,True,True,False,True,True,True,False,True,,,-0.013650212436914444,0.1373206377029419,False,-2.1606683731079102e-07,0.08577044308185577,0.08577065914869308,0.13408608734607697,1.4071612358093262,True,44,True,source_006,gated,complete
False,True,True,latent_cosine,True,True,False,True,True,True,False,True,,,0.08027391880750656,0.13748028874397278,False,-3.5762786865234375e-06,0.999701201915741,0.9997047781944275,0.00537608377635479,0.9976227283477783,True,44,True,source_062,gated,complete
False,True,True,semantics_preserving,True,True,False,True,True,True,False,True,,,-0.024379003793001175,0.13748028874397278,False,-1.1920928955078125e-06,0.999703586101532,0.9997047781944275,0.00593250198289752,1.0019810199737549,True,44,True,source_062,gated,complete
,,,destructive_upper,,,,,,,,,,constructor_excluded_from_destructive_upper_bound,,,,,,,,,,44,,source_062,,ineligible
False,True,True,random_direction,True,True,False,True,True,True,False,True,,,-0.024379003793001175,0.13748028874397278,False,-1.1920928955078125e-06,0.999703586101532,0.9997047781944275,0.00593250198289752,1.0019810199737549,True,44,True,source_062,gated,complete
False,True,True,random_method,True,True,False,True,True,True,False,True,,,0.06580302864313126,0.13748028874397278,False,-5.066394805908203e-06,0.9996997117996216,0.9997047781944275,0.13508673012256622,1.3550527095794678,True,44,True,source_062,gated,complete
False,True,True,latent_cosine,True,True,False,True,True,True,False,True,,,0.07790286839008331,0.13754506409168243,False,-2.0265579223632812e-06,0.9997768998146057,0.9997789263725281,0.005374187603592873,0.9977169036865234,True,44,True,source_048,gated,complete
False,True,True,semantics_preserving,True,True,False,True,True,True,False,True,,,-0.025165943428874016,0.13754506409168243,False,-5.960464477539062e-07,0.9997783303260803,0.9997789263725281,0.005935857072472572,1.002015233039856,True,44,True,source_048,gated,complete
,,,destructive_upper,,,,,,,,,,constructor_excluded_from_destructive_upper_bound,,,,,,,,,,44,,source_048,,ineligible
False,True,True,random_direction,True,True,False,True,True,True,False,True,,,-0.025165943428874016,0.13754506409168243,False,-5.960464477539062e-07,0.9997783303260803,0.9997789263725281,0.005935857072472572,1.002015233039856,True,44,True,source_048,gated,complete
False,True,True,random_method,True,True,False,True,True,True,False,True,,,0.05244038254022598,0.13754506409168243,False,-2.384185791015625e-07,0.999778687953949,0.9997789263725281,0.03836967423558235,1.0239930152893066,True,44,True,source_048,gated,complete
False,True,True,latent_cosine,True,True,False,True,True,True,False,True,,,0.07789255678653717,0.1375463455915451,False,-2.0265579223632812e-06,0.9997768998146057,0.9997789263725281,0.005374187603592873,0.9977173805236816,True,44,True,source_042,gated,complete
False,True,True,semantics_preserving,True,True,False,True,True,True,False,True,,,-0.02518193982541561,0.1375463455915451,False,-5.960464477539062e-07,0.9997783303260803,0.9997789263725281,0.005935857072472572,1.0020159482955933,True,44,True,source_042,gated,complete
,,,destructive_upper,,,,,,,,,,constructor_excluded_from_destructive_upper_bound,,,,,,,,,,44,,source_042,,ineligible
False,True,True,random_direction,True,True,False,True,True,True,False,True,,,-0.02518193982541561,0.1375463455915451,False,-5.960464477539062e-07,0.9997783303260803,0.9997789263725281,0.005935857072472572,1.0020159482955933,True,44,True,source_042,gated,complete
False,True,True,random_method,True,True,False,True,True,True,False,True,,,0.04087766259908676,0.1375463455915451,False,-3.5762786865234375e-07,0.9997785687446594,0.9997789263725281,0.031117692589759827,1.0162116289138794,True,44,True,source_042,gated,complete
False,True,True,latent_cosine,True,True,False,True,True,True,False,True,,,0.0925808697938919,0.13712023198604584,False,-0.0004812479019165039,0.7763437628746033,0.7768250107765198,0.0037051853723824024,0.9978612065315247,True,44,True,source_010,gated,complete
False,True,True,semantics_preserving,True,True,False,True,True,True,False,True,,,0.0018476155819371343,0.13712023198604584,False,-0.00025779008865356445,0.7765672206878662,0.7768250107765198,0.003967867698520422,1.000365138053894,True,44,True,source_010,gated,complete
False,True,True,destructive_upper,True,True,False,True,True,True,False,True,,,0.009313617832958698,0.13712023198604584,False,0.022594690322875977,0.7994197010993958,0.7768250107765198,0.7139726281166077,5.292912006378174,True,44,True,source_010,gated,complete
False,True,True,random_direction,True,True,False,True,True,True,False,True,,,0.0018476155819371343,0.13712023198604584,False,-0.00025779008865356445,0.7765672206878662,0.7768250107765198,0.003967867698520422,1.000365138053894,True,44,True,source_010,gated,complete
False,True,True,random_method,True,True,False,True,True,True,False,True,,,0.04791812226176262,0.13712023198604584,False,-5.364418029785156e-06,0.77681964635849,0.7768250107765198,0.28376901149749756,2.2548744678497314,True,44,True,source_010,gated,complete
False,True,True,latent_cosine,True,True,False,True,True,True,False,True,,,0.08066253364086151,0.137313112616539,False,-2.6226043701171875e-06,0.9997617602348328,0.9997643828392029,0.005373259074985981,0.9976063966751099,True,44,True,source_038,gated,complete
False,True,True,semantics_preserving,True,True,False,True,True,True,False,True,,,-0.024136744439601898,0.137313112616539,False,-8.344650268554688e-07,0.999763548374176,0.9997643828392029,0.005937210749834776,1.0019766092300415,True,44,True,source_038,gated,complete
,,,destructive_upper,,,,,,,,,,constructor_excluded_from_destructive_upper_bound,,,,,,,,,,44,,source_038,,ineligible
False,True,True,random_direction,True,True,False,True,True,True,False,True,,,-0.024136744439601898,0.137313112616539,False,-8.344650268554688e-07,0.999763548374176,0.9997643828392029,0.005937210749834776,1.0019766092300415,True,44,True,source_038,gated,complete
False,True,True,random_method,True,True,False,True,True,True,False,True,,,0.04231467470526695,0.137313112616539,False,-4.76837158203125e-06,0.9997596144676208,0.9997643828392029,0.21014593541622162,1.7923866510391235,True,44,True,source_038,gated,complete
False,False,True,latent_cosine,False,False,False,True,True,False,False,True,,,0.09258290380239487,0.1371201127767563,False,-0.0004409998655319214,0.14941495656967163,0.14985595643520355,0.0037051853723824024,0.9978610873222351,True,44,False,source_035,gated,complete
False,False,True,semantics_preserving,False,False,False,True,True,False,False,True,,,0.0018552046967670321,0.1371201127767563,False,-0.00024242699146270752,0.14961352944374084,0.14985595643520355,0.003967867698520422,1.000364899635315,True,44,False,source_035,gated,complete
False,False,True,destructive_upper,False,False,False,True,True,False,False,True,,,0.009308057837188244,0.1371201127767563,False,0.00928768515586853,0.15914364159107208,0.14985595643520355,0.7139726281166077,5.292922019958496,True,44,False,source_035,gated,complete
False,False,True,random_direction,False,False,False,True,True,False,False,True,,,0.0018552046967670321,0.1371201127767563,False,-0.00024242699146270752,0.14961352944374084,0.14985595643520355,0.003967867698520422,1.000364899635315,True,44,False,source_035,gated,complete
False,False,True,random_method,False,False,False,True,True,False,False,True,,,0.040906134992837906,0.1371201127767563,False,-1.4007091522216797e-06,0.14985455572605133,0.14985595643520355,0.11640297621488571,1.284990668296814,True,44,False,source_035,gated,complete
False,True,True,latent_cosine,True,True,False,True,True,True,False,True,,,0.07791163772344589,0.13754421472549438,False,-2.0265579223632812e-06,0.9997768998146057,0.9997789263725281,0.005374187603592873,0.9977166056632996,True,44,True,source_037,gated,complete
False,True,True,semantics_preserving,True,True,False,True,True,True,False,True,,,-0.025150185450911522,0.13754421472549438,False,-5.960464477539062e-07,0.9997783303260803,0.9997789263725281,0.005935857072472572,1.0020146369934082,True,44,True,source_037,gated,complete
,,,destructive_upper,,,,,,,,,,constructor_excluded_from_destructive_upper_bound,,,,,,,,,,44,,source_037,,ineligible
False,True,True,random_direction,True,True,False,True,True,True,False,True,,,0.07791163772344589,0.13754421472549438,False,-2.0265579223632812e-06,0.9997768998146057,0.9997789263725281,0.005374187603592873,0.9977166056632996,True,44,True,source_037,gated,complete
False,True,True,random_method,True,True,False,True,True,True,False,True,,,0.03288916498422623,0.13754421472549438,False,-1.1920928955078125e-07,0.9997788071632385,0.9997789263725281,0.2868492007255554,2.2830138206481934,True,44,True,source_037,gated,complete
False,True,True,latent_cosine,True,True,False,True,True,True,False,True,,,0.06668072938919067,0.13747960329055786,False,-1.0013580322265625e-05,0.999516487121582,0.9995265007019043,0.006013000383973122,0.9980381727218628,True,44,True,source_015,gated,complete
False,True,True,semantics_preserving,True,True,False,True,True,True,False,True,,,-0.038908056914806366,0.13747960329055786,False,-3.933906555175781e-06,0.9995225667953491,0.9995265007019043,0.00655018724501133,1.0029844045639038,True,44,True,source_015,gated,complete
False,True,False,destructive_upper,True,False,False,True,True,True,False,True,,,0.03974194824695587,0.13747960329055786,False,-0.0013014674186706543,0.9982250332832336,0.9995265007019043,0.7104515433311462,5.224388599395752,True,44,True,source_015,gated,complete
False,True,True,random_direction,True,True,False,True,True,True,False,True,,,-0.038908056914806366,0.13747960329055786,False,-3.933906555175781e-06,0.9995225667953491,0.9995265007019043,0.00655018724501133,1.0029844045639038,True,44,True,source_015,gated,complete
False,True,True,random_method,True,True,False,True,True,True,False,True,,,-0.0021992020774632692,0.13747960329055786,False,-6.198883056640625e-06,0.9995203018188477,0.9995265007019043,0.02283366397023201,1.014059066772461,True,44,True,source_015,gated,complete
False,True,True,latent_cosine,True,True,False,True,True,True,False,True,,,0.08026257902383804,0.1373451054096222,False,-2.2649765014648438e-06,0.9997790455818176,0.9997813105583191,0.005373259074985981,0.9976224303245544,True,44,True,source_014,gated,complete
False,True,True,semantics_preserving,True,True,False,True,True,True,False,True,,,-0.02412256971001625,0.1373451054096222,False,-7.152557373046875e-07,0.9997805953025818,0.9997813105583191,0.005937210749834776,1.0019752979278564,True,44,True,source_014,gated,complete
,,,destructive_upper,,,,,,,,,,constructor_excluded_from_destructive_upper_bound,,,,,,,,,,44,,source_014,,ineligible
False,True,True,random_direction,True,True,False,True,True,True,False,True,,,0.08026257902383804,0.1373451054096222,False,-2.2649765014648438e-06,0.9997790455818176,0.9997813105583191,0.005373259074985981,0.9976224303245544,True,44,True,source_014,gated,complete
False,True,True,random_method,True,True,False,True,True,True,False,True,,,0.06722857058048248,0.1373451054096222,False,-1.9073486328125e-06,0.9997794032096863,0.9997813105583191,0.2785036265850067,2.199814558029175,True,44,True,source_014,gated,complete
False,True,True,latent_cosine,True,True,False,True,True,True,False,True,,,0.05317727476358414,0.1370416134595871,False,-8.344650268554688e-07,0.999752938747406,0.9997537732124329,0.00350376614369452,0.9989668130874634,True,44,True,source_054,gated,complete
False,True,True,semantics_preserving,True,True,False,True,True,True,False,True,,,-0.04220576956868172,0.1370416134595871,False,1.0728836059570312e-06,0.9997548460960388,0.9997537732124329,0.0039272126741707325,1.0016188621520996,True,44,True,source_054,gated,complete
False,True,True,destructive_upper,True,True,False,True,True,True,False,True,,,0.03255591541528702,0.1370416134595871,False,-0.0007280707359313965,0.9990257024765015,0.9997537732124329,0.7435242533683777,5.484813213348389,True,44,True,source_054,gated,complete
False,True,True,random_direction,True,True,False,True,True,True,False,True,,,-0.0451146624982357,0.1370416134595871,False,2.384185791015625e-07,0.999754011631012,0.9997537732124329,0.0011220650048926473,1.000402808189392,True,44,True,source_054,gated,complete
False,True,True,random_method,True,True,False,True,True,True,False,True,,,0.06150589883327484,0.1370416134595871,False,-1.6689300537109375e-05,0.9997370839118958,0.9997537732124329,0.09402787685394287,1.1774413585662842,True,44,True,source_054,gated,complete
False,True,True,latent_cosine,True,True,False,True,True,True,False,True,,,0.028288140892982483,0.13755623996257782,False,-2.5033950805664062e-06,0.9996218681335449,0.9996243715286255,0.008295907638967037,1.0001126527786255,True,44,True,source_033,gated,complete
False,True,True,semantics_preserving,True,True,False,True,True,True,False,True,,,-0.056113626807928085,0.13755623996257782,False,-2.384185791015625e-07,0.9996241331100464,0.9996243715286255,0.008995155803859234,1.0057908296585083,True,44,True,source_033,gated,complete
False,True,True,destructive_upper,True,True,False,True,True,True,False,True,,,0.024340953677892685,0.13755623996257782,False,-3.916025161743164e-05,0.9995852112770081,0.9996243715286255,0.6999602317810059,5.161928653717041,True,44,True,source_033,gated,complete
False,True,True,random_direction,True,True,False,True,True,True,False,True,,,0.028288140892982483,0.13755623996257782,False,-2.5033950805664062e-06,0.9996218681335449,0.9996243715286255,0.008295907638967037,1.0001126527786255,True,44,True,source_033,gated,complete
False,True,True,random_method,True,True,False,True,True,True,False,True,,,0.017484309151768684,0.13755623996257782,False,-3.5762786865234375e-07,0.9996240139007568,0.9996243715286255,0.29882675409317017,2.3755722045898438,True,44,True,source_033,gated,complete
False,True,True,latent_cosine,True,True,False,True,True,True,False,True,,,0.0778917446732521,0.13754625618457794,False,-2.0265579223632812e-06,0.9997768998146057,0.9997789263725281,0.005374187603592873,0.9977172613143921,True,44,True,source_067,gated,complete
False,True,True,semantics_preserving,True,True,False,True,True,True,False,True,,,-0.02518247812986374,0.13754625618457794,False,-5.960464477539062e-07,0.9997783303260803,0.9997789263725281,0.005935857072472572,1.0020159482955933,True,44,True,source_067,gated,complete
,,,destructive_upper,,,,,,,,,,constructor_excluded_from_destructive_upper_bound,,,,,,,,,,44,,source_067,,ineligible
False,True,True,random_direction,True,True,False,True,True,True,False,True,,,-0.02014753967523575,0.13754625618457794,False,-3.5762786865234375e-07,0.9997785687446594,0.9997789263725281,0.00445706769824028,1.001177191734314,True,44,True,source_067,gated,complete
False,True,True,random_method,True,True,False,True,True,True,False,True,,,0.059775106608867645,0.13754625618457794,False,-7.152557373046875e-07,0.9997782111167908,0.9997789263725281,0.039206940680742264,1.0233150720596313,True,44,True,source_067,gated,complete
False,False,True,latent_cosine,False,False,False,True,True,False,False,True,,,0.09258601814508438,0.13711990416049957,False,-0.0004409700632095337,0.14926937222480774,0.14971034228801727,0.0037051853723824024,0.9978610277175903,True,44,False,source_059,gated,complete
False,False,True,semantics_preserving,False,False,False,True,True,False,False,True,,,0.0018557290313765407,0.13711990416049957,False,-0.00024233758449554443,0.14946800470352173,0.14971034228801727,0.003967867698520422,1.0003650188446045,True,44,False,source_059,gated,complete
False,False,True,destructive_upper,False,False,False,True,True,False,False,True,,,0.009307680651545525,0.13711990416049957,False,0.009273037314414978,0.15898337960243225,0.14971034228801727,0.7139726281166077,5.2929301261901855,True,44,False,source_059,gated,complete
,,,random_direction,,,,,,,,,materialization_invalid_register,,,,,,,,,,,44,,source_059,,failed
False,False,True,random_method,False,False,False,True,True,False,False,True,,,0.04160238429903984,0.13711990416049957,False,-0.00018805265426635742,0.14952228963375092,0.14971034228801727,0.022971414029598236,1.0070384740829468,True,44,False,source_059,gated,complete
False,True,True,latent_cosine,True,True,False,True,True,True,False,True,,,0.07790658622980118,0.1375446915626526,False,-2.0265579223632812e-06,0.9997768998146057,0.9997789263725281,0.005374187603592873,0.9977166652679443,True,44,True,source_017,gated,complete
False,True,True,semantics_preserving,True,True,False,True,True,True,False,True,,,-0.02515917830169201,0.1375446915626526,False,-5.960464477539062e-07,0.9997783303260803,0.9997789263725281,0.005935857072472572,1.0020148754119873,True,44,True,source_017,gated,complete
,,,destructive_upper,,,,,,,,,,constructor_excluded_from_destructive_upper_bound,,,,,,,,,,44,,source_017,,ineligible
False,True,True,random_direction,True,True,False,True,True,True,False,True,,,0.07790658622980118,0.1375446915626526,False,-2.0265579223632812e-06,0.9997768998146057,0.9997789263725281,0.005374187603592873,0.9977166652679443,True,44,True,source_017,gated,complete
False,True,True,random_method,True,True,False,True,True,True,False,True,,,0.058904875069856644,0.1375446915626526,False,-2.384185791015625e-07,0.999778687953949,0.9997789263725281,0.2920384705066681,2.293022394180298,True,44,True,source_017,gated,complete
False,True,True,latent_cosine,True,True,False,True,True,True,False,True,,,0.04684460163116455,0.138187974691391,False,0.0,0.9999992847442627,0.9999992847442627,0.006947887130081654,0.9989081025123596,True,44,True,source_072,gated,complete
False,True,True,semantics_preserving,True,True,False,True,True,True,False,True,,,-0.02674034796655178,0.138187974691391,False,0.0,0.9999992847442627,0.9999992847442627,0.007498661521822214,1.00291907787323,True,44,True,source_072,gated,complete
False,True,False,destructive_upper,True,False,False,True,True,True,False,True,,,0.0482519268989563,0.138187974691391,False,-3.5762786865234375e-07,0.999998927116394,0.9999992847442627,0.7108170390129089,5.192562580108643,True,44,True,source_072,gated,complete
False,True,True,random_direction,True,True,False,True,True,True,False,True,,,0.04684460163116455,0.138187974691391,False,0.0,0.9999992847442627,0.9999992847442627,0.006947887130081654,0.9989081025123596,True,44,True,source_072,gated,complete
False,True,True,random_method,True,True,False,True,True,True,False,True,,,0.03600466623902321,0.138187974691391,False,0.0,0.9999992847442627,0.9999992847442627,0.016643764451146126,1.0029125213623047,True,44,True,source_072,gated,complete
False,False,True,latent_cosine,False,False,False,True,True,False,False,True,,,0.04154307395219803,0.13753709197044373,False,0.0,0.9999995231628418,0.9999995231628418,0.004607215523719788,0.999169111251831,True,44,False,source_029,gated,complete
False,False,True,semantics_preserving,False,False,False,True,True,False,False,True,,,-0.05716981366276741,0.13753709197044373,False,0.0,0.9999995231628418,0.9999995231628418,0.005142617970705032,1.0028326511383057,True,44,False,source_029,gated,complete
False,False,True,destructive_upper,False,False,False,True,True,False,False,True,,,0.02569868229329586,0.13753709197044373,False,0.0,0.9999995231628418,0.9999995231628418,0.7060444951057434,5.204691410064697,True,44,False,source_029,gated,complete
False,False,True,random_direction,False,False,False,True,True,False,False,True,,,-0.05716981366276741,0.13753709197044373,False,0.0,0.9999995231628418,0.9999995231628418,0.005142617970705032,1.0028326511383057,True,44,False,source_029,gated,complete
False,False,True,random_method,False,False,False,True,True,False,False,True,,,0.06000719219446182,0.13753709197044373,False,0.0,0.9999995231628418,0.9999995231628418,0.2974105179309845,2.3273298740386963,True,44,False,source_029,gated,complete
False,True,True,latent_cosine,True,True,False,True,True,True,False,True,,,0.07791357487440109,0.1375439167022705,False,-2.0265579223632812e-06,0.9997768998146057,0.9997789263725281,0.005374187603592873,0.99771648645401,True,44,True,source_073,gated,complete
False,True,True,semantics_preserving,True,True,False,True,True,True,False,True,,,-0.025147221982479095,0.1375439167022705,False,-5.960464477539062e-07,0.9997783303260803,0.9997789263725281,0.005935857072472572,1.0020145177841187,True,44,True,source_073,gated,complete
,,,destructive_upper,,,,,,,,,,constructor_excluded_from_destructive_upper_bound,,,,,,,,,,44,,source_073,,ineligible
False,True,True,random_direction,True,True,False,True,True,True,False,True,,,-0.020128563046455383,0.1375439167022705,False,-3.5762786865234375e-07,0.9997785687446594,0.9997789263725281,0.00445706769824028,1.0011765956878662,True,44,True,source_073,gated,complete
False,True,True,random_method,True,True,False,True,True,True,False,True,,,0.07420805841684341,0.1375439167022705,False,-1.0728836059570312e-06,0.9997778534889221,0.9997789263725281,0.025440027937293053,1.0033738613128662,True,44,True,source_073,gated,complete
False,False,True,latent_cosine,False,False,False,True,True,False,False,True,,,0.0925963968038559,0.13711924850940704,False,-0.0004409700632095337,0.14926937222480774,0.14971034228801727,0.0037051853723824024,0.9978607892990112,True,44,False,source_052,gated,complete
False,False,True,semantics_preserving,False,False,False,True,True,False,False,True,,,0.001830455963499844,0.13711924850940704,False,-0.00024233758449554443,0.14946800470352173,0.14971034228801727,0.003967867698520422,1.0003657341003418,True,44,False,source_052,gated,complete
False,False,True,destructive_upper,False,False,False,True,True,False,False,True,,,0.00932786799967289,0.13711924850940704,False,0.009273037314414978,0.15898337960243225,0.14971034228801727,0.7139726281166077,5.292934417724609,True,44,False,source_052,gated,complete
,,,random_direction,,,,,,,,,materialization_invalid_register,,,,,,,,,,,44,,source_052,,failed
False,False,True,random_method,False,False,False,True,True,False,False,True,,,0.05842411890625954,0.13711924850940704,False,-3.8936734199523926e-05,0.14967140555381775,0.14971034228801727,0.06699171662330627,1.0870180130004883,True,44,False,source_052,gated,complete
False,True,True,latent_cosine,True,True,False,True,True,True,False,True,,,0.0636877492070198,0.13735994696617126,False,-2.86102294921875e-06,0.9996223449707031,0.9996252059936523,0.008723482489585876,0.9979698657989502,True,44,True,source_036,gated,complete
False,True,True,semantics_preserving,True,True,False,True,True,True,False,True,,,-0.0470006950199604,0.13735994696617126,False,2.384185791015625e-07,0.9996254444122314,0.9996252059936523,0.00925786979496479,1.0054243803024292,True,44,True,source_036,gated,complete
False,True,False,destructive_upper,True,False,False,True,True,True,False,True,,,0.02420816570520401,0.13735994696617126,False,-0.00018018484115600586,0.9994450211524963,0.9996252059936523,0.7357892990112305,5.425344944000244,True,44,True,source_036,gated,complete
False,True,True,random_direction,True,True,False,True,True,True,False,True,,,0.0636877492070198,0.13735994696617126,False,-2.86102294921875e-06,0.9996223449707031,0.9996252059936523,0.008723482489585876,0.9979698657989502,True,44,True,source_036,gated,complete
False,True,True,random_method,True,True,False,True,True,True,False,True,,,0.052256129682064056,0.13735994696617126,False,-3.5762786865234375e-07,0.9996248483657837,0.9996252059936523,0.012207313440740108,0.9993047118186951,True,44,True,source_036,gated,complete
False,True,True,latent_cosine,True,True,False,True,True,True,False,True,,,0.0778997614979744,0.1375454068183899,False,-2.0265579223632812e-06,0.9997768998146057,0.9997789263725281,0.005374187603592873,0.997717022895813,True,44,True,source_022,gated,complete
False,True,True,semantics_preserving,True,True,False,True,True,True,False,True,,,-0.02516883797943592,0.1375454068183899,False,-5.960464477539062e-07,0.9997783303260803,0.9997789263725281,0.005935857072472572,1.0020153522491455,True,44,True,source_022,gated,complete
,,,destructive_upper,,,,,,,,,,constructor_excluded_from_destructive_upper_bound,,,,,,,,,,44,,source_022,,ineligible
False,True,True,random_direction,True,True,False,True,True,True,False,True,,,-0.02516883797943592,0.1375454068183899,False,-5.960464477539062e-07,0.9997783303260803,0.9997789263725281,0.005935857072472572,1.0020153522491455,True,44,True,source_022,gated,complete
False,True,True,random_method,True,True,False,True,True,True,False,True,,,0.05520624294877052,0.1375454068183899,False,-2.5033950805664062e-06,0.9997764229774475,0.9997789263725281,0.1971062272787094,1.7015701532363892,True,44,True,source_022,gated,complete
False,True,True,latent_cosine,True,True,False,True,True,True,False,True,,,0.07652433961629868,0.13759900629520416,False,-5.7220458984375e-06,0.9996507167816162,0.9996564388275146,0.0060888431034982204,0.9975898861885071,True,44,True,source_071,gated,complete
False,True,True,semantics_preserving,True,True,False,True,True,True,False,True,,,-0.042321715503931046,0.13759900629520416,False,-2.5033950805664062e-06,0.9996539354324341,0.9996564388275146,0.006610986310988665,1.0031825304031372,True,44,True,source_071,gated,complete
,,,destructive_upper,,,,,,,,,,constructor_excluded_from_destructive_upper_bound,,,,,,,,,,44,,source_071,,ineligible
False,True,True,random_direction,True,True,False,True,True,True,False,True,,,0.07652433961629868,0.13759900629520416,False,-5.7220458984375e-06,0.9996507167816162,0.9996564388275146,0.0060888431034982204,0.9975898861885071,True,44,True,source_071,gated,complete
False,True,True,random_method,True,True,False,True,True,True,False,True,,,0.0698896124958992,0.13759900629520416,False,-1.0728836059570312e-06,0.9996553659439087,0.9996564388275146,0.04040266200900078,1.0223374366760254,True,44,True,source_071,gated,complete
False,True,True,latent_cosine,True,True,False,True,True,True,False,True,,,0.07732450217008591,0.13771092891693115,False,-2.0265579223632812e-06,0.9996914863586426,0.9996935129165649,0.0035748255904763937,0.9983282089233398,True,44,True,source_053,gated,complete
False,True,True,semantics_preserving,True,True,False,True,True,True,False,True,,,-0.018172385171055794,0.13771092891693115,False,-4.76837158203125e-07,0.9996930360794067,0.9996935129165649,0.004027894698083401,1.000958800315857,True,44,True,source_053,gated,complete
False,True,True,destructive_upper,True,True,False,True,True,True,False,True,,,0.0163811594247818,0.13771092891693115,False,-0.0001112818717956543,0.9995822310447693,0.9996935129165649,0.72514408826828,5.343693256378174,True,44,True,source_053,gated,complete
False,True,True,random_direction,True,True,False,True,True,True,False,True,,,0.07732450217008591,0.13771092891693115,False,-2.0265579223632812e-06,0.9996914863586426,0.9996935129165649,0.0035748255904763937,0.9983282089233398,True,44,True,source_053,gated,complete
False,True,True,random_method,True,True,False,True,True,True,False,True,,,0.0374879315495491,0.13771092891693115,False,-2.384185791015625e-07,0.9996932744979858,0.9996935129165649,0.11243937164545059,1.2670581340789795,True,44,True,source_053,gated,complete
False,True,True,latent_cosine,True,True,False,True,True,True,False,True,,,0.08065443485975266,0.13731369376182556,False,-2.6226043701171875e-06,0.9997617602348328,0.9997643828392029,0.005373259074985981,0.9976066946983337,True,44,True,source_018,gated,complete
False,True,True,semantics_preserving,True,True,False,True,True,True,False,True,,,-0.02416052296757698,0.13731369376182556,False,-8.344650268554688e-07,0.999763548374176,0.9997643828392029,0.005937210749834776,1.001977562904358,True,44,True,source_018,gated,complete
,,,destructive_upper,,,,,,,,,,constructor_excluded_from_destructive_upper_bound,,,,,,,,,,44,,source_018,,ineligible
False,True,True,random_direction,True,True,False,True,True,True,False,True,,,-0.02416052296757698,0.13731369376182556,False,-8.344650268554688e-07,0.999763548374176,0.9997643828392029,0.005937210749834776,1.001977562904358,True,44,True,source_018,gated,complete
False,True,True,random_method,True,True,False,True,True,True,False,True,,,0.04762815684080124,0.13731369376182556,False,-3.5762786865234375e-07,0.9997640252113342,0.9997643828392029,0.08100790530443192,1.1365923881530762,True,44,True,source_018,gated,complete
False,True,True,latent_cosine,True,True,False,True,True,True,False,True,,,0.07791773974895477,0.137543722987175,False,-2.0265579223632812e-06,0.9997768998146057,0.9997789263725281,0.005374187603592873,0.9977163672447205,True,44,True,source_012,gated,complete
False,True,True,semantics_preserving,True,True,False,True,True,True,False,True,,,-0.02514280006289482,0.137543722987175,False,-5.960464477539062e-07,0.9997783303260803,0.9997789263725281,0.005935857072472572,1.0020142793655396,True,44,True,source_012,gated,complete
,,,destructive_upper,,,,,,,,,,constructor_excluded_from_destructive_upper_bound,,,,,,,,,,44,,source_012,,ineligible
False,True,True,random_direction,True,True,False,True,True,True,False,True,,,-0.02514280006289482,0.137543722987175,False,-5.960464477539062e-07,0.9997783303260803,0.9997789263725281,0.005935857072472572,1.0020142793655396,True,44,True,source_012,gated,complete
False,True,True,random_method,True,True,False,True,True,True,False,True,,,0.06548004597425461,0.137543722987175,False,-2.2649765014648438e-06,0.9997766613960266,0.9997789263725281,0.2785036265850067,2.1988160610198975,True,44,True,source_012,gated,complete
False,True,True,latent_cosine,True,True,False,True,True,True,False,True,,,0.028280513361096382,0.1375562995672226,False,-2.5033950805664062e-06,0.9996218681335449,0.9996243715286255,0.008295907638967037,1.0001131296157837,True,44,True,source_021,gated,complete
False,True,True,semantics_preserving,True,True,False,True,True,True,False,True,,,-0.056115925312042236,0.1375562995672226,False,-2.384185791015625e-07,0.9996241331100464,0.9996243715286255,0.008995155803859234,1.0057909488677979,True,44,True,source_021,gated,complete
False,True,True,destructive_upper,True,True,False,True,True,True,False,True,,,0.024339107796549797,0.1375562995672226,False,-3.916025161743164e-05,0.9995852112770081,0.9996243715286255,0.6999602317810059,5.161928176879883,True,44,True,source_021,gated,complete
False,True,True,random_direction,True,True,False,True,True,True,False,True,,,-0.056115925312042236,0.1375562995672226,False,-2.384185791015625e-07,0.9996241331100464,0.9996243715286255,0.008995155803859234,1.0057909488677979,True,44,True,source_021,gated,complete
False,True,True,random_method,True,True,False,True,True,True,False,True,,,0.02617328055202961,0.1375562995672226,False,-1.6689300537109375e-06,0.9996227025985718,0.9996243715286255,0.1379377692937851,1.3975200653076172,True,44,True,source_021,gated,complete
False,True,True,latent_cosine,True,True,False,True,True,True,False,True,,,0.028061550110578537,0.13757368922233582,False,-0.0006784796714782715,0.8801329731941223,0.8808114528656006,0.00913548469543457,1.0003412961959839,True,44,True,source_051,gated,complete
False,True,True,semantics_preserving,True,True,False,True,True,True,False,True,,,-0.0695117935538292,0.13757368922233582,False,9.882450103759766e-05,0.8809102773666382,0.8808114528656006,0.010204615071415901,1.0078760385513306,True,44,True,source_051,gated,complete
False,True,True,destructive_upper,True,True,False,True,True,True,False,True,,,0.011174016632139683,0.13757368922233582,False,0.00898963212966919,0.8898010849952698,0.8808114528656006,0.7168126702308655,5.294499397277832,True,44,True,source_051,gated,complete
False,True,True,random_direction,True,True,False,True,True,True,False,True,,,-0.05964307487010956,0.13757368922233582,False,0.00024759769439697266,0.8810590505599976,0.8808114528656006,0.007985563948750496,1.0051335096359253,True,44,True,source_051,gated,complete
False,True,True,random_method,True,True,False,True,True,True,False,True,,,0.013803680427372456,0.13757368922233582,False,5.960464477539062e-07,0.8808120489120483,0.8808114528656006,0.4527313709259033,3.426178216934204,True,44,True,source_051,gated,complete
False,True,True,latent_cosine,True,True,False,True,True,True,False,True,,,0.07781988382339478,0.13755036890506744,False,-2.6226043701171875e-06,0.9997571110725403,0.9997597336769104,0.005374187603592873,0.9977202415466309,True,44,True,source_044,gated,complete
False,True,True,semantics_preserving,True,True,False,True,True,True,False,True,,,-0.02547484263777733,0.13755036890506744,False,-8.344650268554688e-07,0.9997588992118835,0.9997597336769104,0.005935857072472572,1.002028465270996,True,44,True,source_044,gated,complete
,,,destructive_upper,,,,,,,,,,constructor_excluded_from_destructive_upper_bound,,,,,,,,,,44,,source_044,,ineligible
False,True,True,random_direction,True,True,False,True,True,True,False,True,,,-0.02547484263777733,0.13755036890506744,False,-8.344650268554688e-07,0.9997588992118835,0.9997597336769104,0.005935857072472572,1.002028465270996,True,44,True,source_044,gated,complete
False,True,True,random_method,True,True,False,True,True,True,False,True,,,0.02589421719312668,0.13755036890506744,False,-1.430511474609375e-06,0.9997583031654358,0.9997597336769104,0.018334774300456047,1.0054175853729248,True,44,True,source_044,gated,complete
False,True,True,latent_cosine,True,True,False,True,True,True,False,True,,,0.07224400341510773,0.137311652302742,False,4.464760422706604e-06,0.019943421706557274,0.019938956946134567,0.0021758880466222763,0.9989802241325378,True,44,True,source_003,gated,complete
False,True,True,semantics_preserving,True,True,False,True,True,True,False,True,,,-0.014099739491939545,0.137311652302742,False,4.023313522338867e-07,0.0199393592774868,0.019938956946134567,0.0038255895487964153,1.000780701637268,True,44,True,source_003,gated,complete
False,True,True,destructive_upper,True,True,False,True,True,True,False,True,,,-0.0035352010745555162,0.137311652302742,False,0.0001971311867237091,0.020136088132858276,0.019938956946134567,0.7435547113418579,5.510124206542969,True,44,True,source_003,gated,complete
False,True,True,random_direction,True,True,False,True,True,True,False,True,,,0.07224400341510773,0.137311652302742,False,4.464760422706604e-06,0.019943421706557274,0.019938956946134567,0.0021758880466222763,0.9989802241325378,True,44,True,source_003,gated,complete
False,True,True,random_method,True,True,False,True,True,True,False,True,,,0.006007444579154253,0.137311652302742,False,-1.000240445137024e-06,0.01993795670568943,0.019938956946134567,0.13626693189144135,1.4046058654785156,True,44,True,source_003,gated,complete
False,True,True,latent_cosine,True,True,False,True,True,True,False,True,,,0.0666566863656044,0.1374792754650116,False,-1.0013580322265625e-05,0.9995225667953491,0.9995325803756714,0.006013000383973122,0.9980391263961792,True,44,True,source_031,gated,complete
False,True,True,semantics_preserving,True,True,False,True,True,True,False,True,,,-0.038926128298044205,0.1374792754650116,False,-3.814697265625e-06,0.9995287656784058,0.9995325803756714,0.00655018724501133,1.0029852390289307,True,44,True,source_031,gated,complete
False,True,False,destructive_upper,True,False,False,True,True,True,False,True,,,0.039732497185468674,0.1374792754650116,False,-0.001284480094909668,0.9982481002807617,0.9995325803756714,0.7104515433311462,5.224410057067871,True,44,True,source_031,gated,complete
False,True,True,random_direction,True,True,False,True,True,True,False,True,,,0.0666566863656044,0.1374792754650116,False,-1.0013580322265625e-05,0.9995225667953491,0.9995325803756714,0.006013000383973122,0.9980391263961792,True,44,True,source_031,gated,complete
False,True,True,random_method,True,True,False,True,True,True,False,True,,,0.0434453971683979,0.1374792754650116,False,-5.4836273193359375e-06,0.999527096748352,0.9995325803756714,0.057339172810316086,1.0666357278823853,True,44,True,source_031,gated,complete
False,True,True,latent_cosine,True,True,False,True,True,True,False,True,,,0.0797579362988472,0.13738328218460083,False,-2.7418136596679688e-06,0.9997619986534119,0.9997647404670715,0.005373259074985981,0.9976426362991333,True,44,True,source_049,gated,complete
False,True,True,semantics_preserving,True,True,False,True,True,True,False,True,,,-0.024648893624544144,0.13738328218460083,False,-8.344650268554688e-07,0.9997639060020447,0.9997647404670715,0.005937210749834776,1.0019969940185547,True,44,True,source_049,gated,complete
,,,destructive_upper,,,,,,,,,,constructor_excluded_from_destructive_upper_bound,,,,,,,,,,44,,source_049,,ineligible
False,True,True,random_direction,True,True,False,True,True,True,False,True,,,0.0797579362988472,0.13738328218460083,False,-2.7418136596679688e-06,0.9997619986534119,0.9997647404670715,0.005373259074985981,0.9976426362991333,True,44,True,source_049,gated,complete
False,True,True,random_method,True,True,False,True,True,True,False,True,,,0.03578668832778931,0.13738328218460083,False,2.384185791015625e-07,0.9997649788856506,0.9997647404670715,0.27034303545951843,2.175178289413452,True,44,True,source_049,gated,complete
